,0
hitchhiker's,3
guide,25
to,1162
the,2480
galaxythe,1
galaxy,42
b,6
y,114
d,342
o,232
u,227
g,340
l,228
a,1740
s,341
m,116
2,79
0,44
1,154
h,562
n,3
c,113
e,450
t,450
v,2
r,115
i,636
.,1
0c,1
p,1
Â©,1
for,298
jonny,1
brock,1
and,1130
clare,1
gorst,1
all,162
other,54
arlingtonians,1
"tea,",1
"sympathy,",1
sofa,3
far,23
out,144
in,599
uncharted,1
backwaters,1
of,1247
unfashionable,1
end,17
western,1
spiral,4
arm,7
lies,1
small,57
unregarded,1
yellow,16
sun.,5
orbiting,1
this,214
at,312
distance,9
roughly,2
ninety-two,1
million,21
miles,15
is,261
an,144
utterly,3
insignificant,1
little,38
blue,3
green,19
planet,77
whose,7
ape-,1
descended,3
life,30
forms,5
are,123
so,114
amazingly,8
primitive,3
that,461
they,226
still,38
think,76
digital,4
watches,1
pretty,16
neat,1
idea.,1
has,41
-,118
or,76
rather,34
had,250
"problem,",4
which,115
was,592
this:,5
most,46
people,42
on,322
it,588
were,136
unhappy,3
much,37
time.,12
many,26
solutions,1
suggested,2
but,178
these,25
largely,4
concerned,1
with,270
movements,1
pieces,4
"paper,",1
odd,8
because,61
whole,24
wasn't,21
paper,6
unhappy.,1
problem,6
remained;,1
lots,5
"mean,",5
them,100
"miserable,",1
even,38
ones,3
watches.,1
increasingly,2
opinion,1
they'd,7
made,36
big,18
mistake,1
coming,7
down,91
from,130
trees,3
first,31
place.,4
some,62
said,505
been,91
bad,5
"move,",1
no,95
one,149
should,19
ever,31
have,157
left,26
oceans.,1
"then,",9
"thursday,",3
nearly,11
two,71
thousand,26
years,37
after,45
man,56
nailed,2
tree,2
saying,12
how,47
great,43
would,102
be,179
nice,11
"change,",1
girl,5
sitting,11
her,32
own,29
cafe,1
rickmansworth,1
suddenly,50
realized,9
what,155
going,67
wrong,7
"time,",8
she,57
finally,17
knew,34
world,13
could,74
good,38
happy,6
time,53
"right,",3
"work,",2
get,62
anything.,5
4,43
/,224
"sadly,",2
"however,",5
before,37
phone,2
tell,30
anyone-,1
about,160
"it,",30
terribly,6
stupid,9
catastrophe,3
"occurred,",2
idea,13
lost,7
forever.,1
not,131
story.,2
story,9
terrible,14
its,56
consequences.,1
also,20
"book,",4
book,16
called,22
hitch,29
hiker's,17
earth,30
never,29
published,3
"earth,",10
until,9
seen,8
heard,18
by,113
any,60
earthman.,1
"nevertheless,",1
wholly,4
remarkable,8
book.,4
fact,36
probably,18
come,36
publishing,2
houses,1
ursa,2
minor,2
earthman,3
either.,2
only,65
highly,6
successful,5
more,59
popular,7
than,43
celestial,1
home,10
care,7
"omnibus,",1
better,19
selling,3
fifty,6
things,28
do,97
zero,1
"gravity,",1
controversial,2
oolon,2
colluphid's,1
trilogy,1
philosophical,1
blockbusters,1
where,43
god,9
went,31
"wrong,",1
god's,3
greatest,10
mistakes,1
who,68
person,2
anyway?,2
relaxed,6
civilizations,1
outer,3
eastern,1
rim,1
"galaxy,",10
already,10
supplanted,1
encyclopedia,3
galactica,4
as,222
standard,1
repository,1
knowledge,2
"wisdom,",1
though,16
omissions,1
contains,3
"apocryphal,",1
least,6
wildly,4
"inaccurate,",1
scores,1
over,60
"older,",1
pedestrian,1
work,21
important,10
respects.,1
k,112
',112
x,112
5,43
"first,",1
slightly,11
cheaper;,1
secondly,1
words,11
don't,69
panic,4
inscribed,1
large,23
friendly,4
letters,3
cover.,3
"terrible,",1
extraordinary,8
"consequences,",1
consequences,1
inextricably,1
intertwined,1
begins,4
very,115
simply.,1
house.,4
6,43
house,18
stood,23
slight,19
rise,2
just,126
edge,4
village.,1
looked,79
broad,1
spread,4
west,1
country,1
farmland.,1
means,9
thirty,9
"old,",2
"squattish,",1
"squarish,",1
"brick,",1
four,18
windows,5
set,9
front,21
size,9
proportion,1
less,15
exactly,14
failed,5
please,6
eye.,1
whom,4
way,52
special,4
arthur,181
"dent,",3
happened,18
he,776
lived,6
in.,11
three,25
"years,",8
since,9
moved,10
london,2
him,108
nervous,10
irritable.,1
"well,",12
dark,17
haired,1
never-,1
quite,46
ease,2
himself.,15
thing,35
used,15
worry,5
always,28
ask,12
looking,28
worried,10
about.,8
worked,9
local,5
radio,3
his,346
friends,6
lot,23
interesting,9
thought.,26
"was,",3
too,24
advertising.,1
hadn't,14
properly,6
registered,3
council,5
wanted,13
knock,5
build,6
bypass,4
instead.,1
eight,3
o'clock,1
thursday,2
morning,4
didn't,59
feel,13
good.,2
woke,3
up,138
"blearily,",1
got,72
"up,",6
wandered,5
blearily,1
round,53
"room,",5
opened,13
"window,",4
saw,9
"bulldozer,",1
found,28
"slippers,",1
stomped,5
off,52
bathroom,3
wash.,1
toothpaste,1
brush,3
so.,3
scrub.,1
shaving,2
mirror,2
pointing,4
ceiling.,2
adjusted,1
it.,54
moment,39
reflected,4
second,25
bulldozer,10
through,94
window.,3
"adjusted,",1
dent's,6
bristles.,1
shaved,1
"off,",2
"washed,",1
"dried,",1
kitchen,2
find,22
something,46
pleasant,6
put,22
mouth.,1
7,43
"kettle,",1
"plug,",1
"fridge,",1
"milk,",1
coffee.,1
yawn.,1
word,10
mind,22
search,4
connect,2
with.,7
outside,8
window,2
one.,10
stared,28
"""yellow,""",3
thought,70
back,59
bedroom,1
dressed.,1
passing,6
stopped,8
drink,7
glass,9
"water,",2
another.,1
began,25
suspect,3
hung,6
over.,3
why,34
over?,1
drinking,4
night,17
before?,1
supposed,4
must,23
been.,2
caught,6
glint,1
mirror.,2
bedroom.,1
"pub,",3
oh,9
"dear,",1
pub.,2
vaguely,3
remembered,1
being,39
"angry,",1
angry,6
seemed,37
important.,3
he'd,14
telling,6
"length,",1
suspected:,1
clearest,1
visual,1
recollection,1
glazed,1
looks,4
people's,2
faces.,3
new,27
pipeline,1
months,2
known,14
ridiculous.,1
took,10
swig,1
water.,3
sort,29
itself,28
"out,",4
"decided,",1
"bypass,",1
leg,2
stand,7
on.,16
out.,16
hangover,1
earned,1
though.,2
himself,32
wardrobe,1
stuck,14
tongue.,2
8,42
fifteen,9
seconds,18
later,15
lying,13
advancing,1
garden,2
path.,2
mr,34
prosser,20
"say,",2
human.,2
carbon-based,2
form,15
ape.,1
specifically,1
"forty,",1
fat,2
shabby,1
council.,1
curiously,4
"enough,",6
know,60
direct,2
male-line,1
descendant,1
genghis,1
"khan,",1
intervening,2
generations,2
racial,2
mixing,1
juggled,1
genes,1
discernible,1
mongoloid,1
"characteristics,",1
vestiges,1
mighty,5
ancestry,1
pronounced,2
stoutness,1
tum,1
predilection,1
fur,3
hats.,1
warrior:,1
man.,12
today,9
particularly,7
gone,12
seriously,5
job,7
see,59
cleared,5
day,23
"""come",12
"dent,"",",1
"said,",89
"""you",65
can't,24
win,2
you,429
know.,10
lie,11
"indefinitely.""",1
tried,21
make,27
eyes,27
blaze,2
fiercely,1
wouldn't,20
lay,16
mud,6
squelched,1
him.,40
"""i'm",18
"game,""",1
"""we'll",4
rusts,1
"first.""",1
afraid,5
you're,23
accept,1
"it,""",22
gripping,1
hat,3
rolling,7
top,13
"head,",2
"""this",14
built,9
it's,57
"built!""",1
"""first",1
i've,24
"arthur,",71
"""why's",2
"built?""",2
shook,8
finger,8
"bit,",5
then,85
away,39
again.,50
9,45
"""what",50
why's,2
said.,76
"""it's",34
bypass.,1
you've,14
"bypasses.""",1
bypasses,1
devices,2
allow,6
drive,9
point,30
fast,3
whilst,10
dash,1
fast.,5
living,1
"c,",1
directly,2
"between,",1
often,12
given,7
wonder,2
what's,20
keen,2
"there,",5
there.,9
wish,5
once,16
hell,9
be.,3
d.,2
anywhere,4
"particular,",3
convenient,1
long,25
points,3
"a,",1
c.,1
cottage,1
"d,",1
axes,1
"door,",4
spend,3
amount,5
"e,",1
nearest,3
pub,10
wife,1
course,17
climbing,2
"roses,",1
axes.,2
liked,7
flushed,1
hotly,1
under,17
derisive,1
grins,1
drivers.,1
shifted,2
weight,4
foot,3
"foot,",1
equally,4
uncomfortable,2
each.,1
obviously,4
somebody,6
appallingly,1
incompetent,1
hoped,1
said:,9
entitled,2
suggestions,1
protests,1
appropriate,1
"know.""",9
"""appropriate",2
"time?""",2
hooted,2
arthur.,70
time?,2
when,54
workman,1
arrived,6
my,66
yesterday.,2
asked,24
if,88
clean,3
demolish,1
me,63
straight,14
course.,5
no.,3
wiped,3
couple,17
charged,1
fiver.,1
told,13
"me.""",9
"""but",54
plans,3
available,1
planning,5
office,2
last,20
nine,3
"month.""",1
"""oh",39
"yes,",8
well,27
soon,13
"them,",10
yesterday,2
afternoon.,1
your,81
call,12
attention,6
you?,5
mean,24
like,84
actually,17
anybody,5
"anything.""",1
display,5
"...""",133
"""on",3
display?,1
eventually,13
go,27
cellar,1
"them.""",3
"""that's",18
"department.""",1
"""with",2
"torch.""",1
"""ah,",6
lights,7
"gone.""",2
"""so",16
"stairs.""",1
"look,",2
notice,11
"you?""",26
"""yes,""",22
"""yes",12
did.,3
bottom,7
locked,6
filing,1
cabinet,2
disused,1
lavatory,2
sign,3
door,21
beware,1
"leopard.""",1
cloud,2
passed,14
overhead.,1
cast,2
shadow,4
dent,9
propped,1
elbow,1
cold,14
mud.,2
frowned,8
"house,""",1
"sorry,",5
happen,5
"it.""",28
"""you'll",3
"bypass.""",1
shut,10
"up,""",6
dent.,5
"""shut",3
"away,",7
take,36
bloody,6
you.,11
haven't,11
prosser's,2
mouth,4
closed,14
times,7
while,14
filled,5
inexplicable,4
attractive,1
visions,3
consumed,1
fire,3
running,16
screaming,5
blazing,2
ruin,1
hefty,1
spears,1
protruding,1
back.,8
bothered,4
nervous.,2
stuttered,1
pulled,6
together.,2
"""mr",1
"dent,""",3
"""hello?",1
"yes?""",1
"""some",2
factual,1
information,3
damage,1
suffer,1
let,22
roll,3
"""how",15
"much?""",1
"""none",2
"all,""",3
"prosser,",4
stormed,2
nervously,6
wondering,3
brain,17
hairy,1
horsemen,2
shouting,6
curious,6
"coincidence,",2
none,12
suspicion,2
ape-descendant,1
closest,1
"ape,",1
vicinity,4
betelgeuse,11
guildford,2
usually,9
claimed.,2
"never,",1
suspected,1
this.,10
friend,3
"previously,",1
hard,7
blend,1
into,167
society,1
"with,",4
success.,1
instance,2
spent,3
those,25
pretending,4
"actor,",1
plausible,1
enough.,3
careless,2
blunder,1
"though,",2
skimped,1
bit,16
preparatory,1
research.,1
gathered,4
led,2
choose,4
name,13
"""ford",1
"prefect""",1
nicely,2
inconspicuous.,1
conspicuously,2
"tall,",2
features,2
striking,1
handsome.,1
hair,2
wiry,1
gingerish,1
brushed,5
backwards,6
temples.,3
skin,4
nose.,1
there,82
"him,",28
difficult,5
say,28
was.,5
perhaps,11
blink,1
enough,15
talked,5
length,5
involuntarily,2
water,10
behalf.,1
smiled,7
broadly,1
gave,22
unnerving,1
impression,5
their,93
neck.,5
struck,8
"eccentric,",1
harmless,2
--,2
unruly,2
boozer,1
oddish,1
habits.,1
gatecrash,1
university,3
"parties,",1
badly,2
drunk,1
start,13
making,15
fun,5
astrophysicist,1
till,9
thrown,5
3,42
sometimes,3
seized,1
oddly,3
distracted,1
moods,1
stare,3
sky,18
hypnotized,2
someone,10
doing.,2
guiltily,1
"moment,",11
relax,1
grin.,2
"""oh,",12
flying,8
"saucers,""",1
joke,1
everyone,10
laugh,3
saucers,3
for.,7
"""green",1
"ones!""",1
reply,2
wicked,2
"grin,",2
lunge,1
bar,6
buy,2
enormous,3
drinks.,1
evenings,1
ended,2
badly.,1
ford,168
skull,1
"whisky,",1
huddle,1
corner,12
explain,5
slurred,1
phrases,1
honestly,1
colour,6
matter,13
really.,3
"thereafter,",1
staggering,3
semi-paralytic,1
streets,4
policemen,3
betelgeuse.,3
"like,",2
"""don't",16
"sir?""",3
trying,30
"baby,",3
i'm,39
"to,""",2
invariably,2
replied,1
occasions.,1
really,40
distractedly,1
kind,12
saucer,3
all.,12
reason,9
traditional,1
space,22
livery,1
trading,3
scouts.,1
prefect,20
desperate,3
arrive,3
stranded,1
"anywhere,",1
somewhere,13
mindboggingly,4
dull,5
earth.,7
wished,6
flag,1
lifts,1
them.,33
marvels,3
universe,25
altairan,3
dollars,3
day.,5
"fact,",2
roving,1
researcher,2
galaxy.,7
human,7
beings,8
"adaptors,",1
lunchtime,2
environs,1
arthur's,15
settled,12
steady,4
routine.,1
accepted,4
role,3
squelching,1
occasional,3
demands,1
"lawyer,",1
mother,2
book;,1
tackle,1
ploy,1
such,17
public,6
"talk,",2
march,1
progress,2
knocked,5
"know,",12
talk,16
various,3
cajoleries,1
threats;,1
drivers',1
sit,9
around,46
coffee,2
experimenting,2
union,3
regulations,1
turn,11
situation,4
financial,1
advantage.,1
slowly,14
diurnal,1
sun,8
beginning,6
dry,3
across,36
"""hello",1
"arthur,""",3
shadow.,1
squinting,1
startled,5
standing,15
above,9
"""ford!",1
"hello,",1
"""fine,""",4
"ford,",55
"""look,",9
"busy?""",2
"""am",2
exclaimed,8
"""well,",22
bulldozers,3
they'll,2
"don't,",1
...,114
"especially,",1
"why?""",5
sarcasm,1
"betelgeuse,",3
unless,3
concentrating.,1
"""good,",1
we,130
can,75
"talk?""",2
"""what?""",13
few,39
ignore,3
fixedly,1
rabbit,1
run,12
car.,1
squatted,1
beside,6
"""we've",4
"talk,""",1
urgently.,2
"""talk.""",1
"""and",49
"drink,""",1
ford.,72
vitally,2
drink.,2
now.,9
we'll,4
"village.""",1
"again,",17
"nervous,",1
expectant.,1
"understand?""",1
shouted,38
pointed,3
prosser.,3
"""that",21
wants,3
"down!""",1
glanced,15
puzzled.,1
"""well",20
"he?""",1
asked.,5
want,50
"to!""",1
"""ah.""",2
"ford?""",5
"""nothing.",1
nothing's,1
matter.,1
listen,5
heard.,1
"now,",5
saloon,1
horse,4
"groom.""",1
"""because",5
need,17
stiff,1
"drink.""",2
astonished,3
will,57
weaken.,1
realize,7
old,50
game,6
learned,3
play,4
hyperspace,4
ports,1
served,1
madranite,1
mining,2
belts,2
star,15
system,9
orion,2
beta.,1
unlike,3
indian,1
"wrestling,",1
played,5
contestants,2
either,8
side,11
"table,",2
each,18
between,22
placed,1
bottle,4
janx,6
spirit,4
(as,2
immortalized,1
ancient,7
song,2
give,16
spirit/,2
"no,",11
head,28
"fly,",1
tongue,4
"lie,",1
fry,2
may,16
die/,1
won't,8
pour,4
sinful,1
"spirit"").",1
concentrate,1
attempt,6
tip,1
opponent,1
refilled.,1
started,18
lose,1
keep,22
"losing,",1
effects,3
depress,1
telepsychic,1
power.,3
predetermined,1
quantity,1
"consumed,",1
final,3
loser,2
perform,3
"forfeit,",1
obscenely,1
biological.,1
lose.,1
did,39
groom,2
"...?""",4
plaintively.,1
"""he",9
"down?""",3
"""yes,",11
"bulldozers?""",1
sure,6
"arrangement,""",1
"""excuse",4
"me!""",2
shouted.,1
(who,1
arguing,3
spokesman,1
drivers,1
whether,4
constituted,1
mental,7
health,2
"hazard,",1
paid,5
did),1
around.,2
surprised,8
alarmed,1
company.,1
"""yes?",1
"hello?""",1
called.,1
"""has",2
senses,2
"yet?""",1
"""can",6
"moment,""",1
"""assume",1
"hasn't?""",1
"""well?""",6
sighed,3
"assume,""",2
he's,5
staying,1
here,23
"day?""",1
"""so?""",1
men,16
doing,23
"nothing?""",1
"""could",3
"be,",4
resigned,2
"anyway,",1
"don't,""",1
"patiently,",2
"""actually",2
"here.""",2
"such..."",",1
"""not",7
worried.,3
sense.,2
read,10
"here,",4
slip,1
half,17
hour.,2
does,10
"sound?""",2
sounded,5
perfectly,22
potty.,1
sounds,9
"reasonable,""",1
reassuring,1
tone,2
"voice,",7
reassure.,1
pop,2
quick,9
yourself,10
"on,""",8
"""we",34
cover,2
"return.""",1
"""thank",8
"much,""",1
longer,8
"all,",9
"much,",1
that's,31
"frowned,",1
"smiled,",2
both,15
"once,",1
"failed,",1
grasped,2
hold,9
rolled,10
fitfully,1
head.,6
assume,3
won.,1
"""so,""",1
continued,18
"prefect,",4
"""if",15
"sorry,""",3
"""perhaps",4
myself,9
fully,3
clear.,1
somebody's,2
they?,1
anything,31
stop,18
driving,3
"there?""",7
"simple,""",1
"""my",9
"client,",1
says,12
sole,1
condition,1
"him.""",2
talking,9
"about?""",3
nudged,1
shoe,2
quiet.,3
"me,""",14
spelling,1
"himself,",10
"""to",8
"""yes.""",8
"""in",9
"bulldozer?""",1
"""instead",1
"dent.""",1
"mud.""",2
"""in,",1
substantially,1
lifted,4
shoulders:,1
sighed.,1
return,1
"pub?""",1
"exactly.""",1
steps,1
forward,13
stopped.,2
"""promise?""",1
"""promise,""",1
turned,33
"""get",2
"down.""",2
feeling,8
dream.,1
beckoned,1
"awkwardly,",1
sat,21
felt,19
dream,3
wondered,2
enjoying,2
folded,3
arms,7
oozed,1
shoes.,1
severely.,1
sneaky,1
knocking,3
"alright?""",2
"""the",42
mere,5
"thought,""",5
growled,2
"""hadn't",1
begun,1
"speculate,""",1
"continued,",5
settling,1
"back,",4
"""about",3
merest,4
possibility,3
crossing,3
"mind.""",2
driver's,1
representative,1
approaching,2
sink,3
eyes.,7
marshal,1
arguments,1
proving,1
now,71
constitute,1
hazard,1
certain,5
full,14
"noise,",1
"horses,",1
"smoke,",1
stench,1
blood.,1
miserable,3
"upon,",1
able,15
high,6
dimension,2
nothing,27
khan,1
bellowed,4
"rage,",1
trembled,1
whimpered.,1
fell,11
pricks,1
behind,19
eyelids.,1
bureaucratic,1
"cock-ups,",1
"mud,",1
indecipherable,1
strangers,1
handing,1
humiliations,1
unidentified,1
army,1
laughing,1
pair,2
dingo's,2
kidneys,1
remained,3
trust,4
"him?""",1
"""myself",1
i'd,16
"earth,""",1
"yes,""",13
far's,1
"that?""",16
twelve,1
minutes,10
"away,""",1
"on,",9
here's,2
alcohol.,2
alcohol,1
colourless,1
volatile,1
liquid,4
formed,8
fermentation,1
sugars,1
notes,1
intoxicating,1
effect,10
forms.,2
mentions,1
best,12
existence,4
pan,7
galactic,28
gargle,17
blaster.,1
blaster,2
having,13
brains,4
smashed,2
slice,1
lemon,1
wrapped,5
gold,21
brick.,1
tells,3
planets,10
blasters,2
"mixed,",1
expect,4
pay,2
voluntary,1
organizations,1
exist,3
help,9
rehabilitate,1
afterwards.,1
mix,1
yourself.,2
juice,1
ol',1
"spirit,",1
says.,2
measure,2
seas,5
santraginus,2
santraginean,2
sea,14
fish!!!,1
cubes,1
arcturan,5
mega-gin,1
melt,1
mixture,2
(it,1
iced,1
benzine,1
lost).,1
litres,1
fallian,1
marsh,1
gas,2
bubble,2
memory,4
hikers,2
died,9
pleasure,3
marshes,1
fallia.,1
silver,8
spoon,1
float,1
qualactin,2
hypermint,1
"extract,",1
redolent,1
heady,2
odours,1
"zones,",1
subtle,5
sweet,3
mystic.,1
drop,3
tooth,1
algolian,3
suntiger.,1
watch,5
"dissolve,",1
spreading,1
fires,2
suns,6
deep,57
heart,28
sprinkle,1
zamphuor.,1
add,3
olive.,1
carefully,1
sells,1
galactica.,1
"""six",1
pints,3
"bitter,""",1
barman,12
groom.,1
quickly,8
"please,",2
world's,4
"end.""",3
deserve,1
"treatment,",1
dignified,1
pushed,5
glasses,4
nose,4
blinked,6
prefect.,1
ignored,5
instead,3
shrugged,5
helplessly,1
nothing.,4
yes,6
sir?,1
weather,3
pulling,1
pints.,1
"""going",1
match,6
afternoon,3
"then?""",6
"""no,",25
"point,""",1
"""what's",13
"that,",8
foregone,1
conclusion,2
reckon,5
barman.,2
"""arsenal",1
without,16
"chance?""",1
"no,""",5
"sir,",2
"said,""",2
"barman,",2
"""lucky",1
escape,2
arsenal,1
"did.""",2
genuinely,4
surprised.,2
"really,""",1
frowned.,3
breathed,5
heavily.,1
"""there",13
six,15
"pints,""",1
wanly,2
rest,7
case,1
"had,",1
understand,12
smiling,2
next,16
"men,",2
"pints,",1
swift,1
burst,7
"arithmetic,",1
answer,13
grinned,7
hopeful,1
grin,2
"off,""",1
"""they're",4
"ours,""",1
giving,4
look,32
suntiger,1
slapped,2
five-pound,2
note,5
bar.,1
"""keep",2
"change.""",1
"""what,",5
fiver?,1
thank,11
"sir.""",1
"""you've",2
ten,12
simply,15
decided,13
walk,10
bit.,1
"""ford,""",5
"""would",4
"on?""",1
"""drink",4
"through.""",1
"""three",1
"pints?""",1
"""at",6
"lunchtime?""",1
nodded,2
happily.,1
"""time",1
illusion.,1
doubly,1
"so.""",3
"""very",5
"deep,""",1
send,3
reader's,1
digest.,1
they've,4
page,3
"you.""",9
"up.""",6
"""why",6
"sudden?""",1
"""muscle",3
"relaxant,",1
you'll,5
"relaxant?""",1
"relaxant.""",1
beer.,2
"""did",7
"today,""",1
"""or",3
"notice?""",1
"""alright,""",8
"""i'll",10
try,6
explain.,3
"other?""",1
"long?""",2
"""er,",10
five,29
maybe,5
"six,""",1
"""most",2
sense,17
"time.""",3
react,2
"betelgeuse?""",1
so-so,1
way.,5
"""i",116
"know,""",11
taking,6
pull,1
likely,3
"say?""",2
up.,14
worth,5
bothering,2
end.,3
"added,",4
factually:,1
another,31
wan,1
smile.,4
waved,7
business.,3
"thursday,""",1
musing,1
sinking,1
low,11
"beer,",2
hang,4
"thursdays.""",1
particular,4
moving,5
quietly,13
ionosphere,1
surface,13
planet;,1
several,16
somethings,4
dozen,2
huge,20
chunky,3
slablike,1
"somethings,",1
"buildings,",1
silent,5
birds.,1
soared,2
"ease,",1
basking,1
electromagnetic,1
rays,3
"sol,",2
biding,1
"grouping,",1
preparing.,1
beneath,20
almost,15
oblivious,1
"presence,",1
moment.,13
unnoticed,1
"goonhilly,",1
cape,1
canaveral,1
"blip,",1
woomera,1
jodrell,2
bank,7
pity,2
years.,4
place,10
black,13
device,8
sub-etha,8
sens-o-matic,3
winked,3
itself.,3
nestled,2
darkness,1
inside,13
leather,2
satchel,3
wore,1
habitually,1
contents,1
prefect's,5
physicist's,1
concealed,1
keeping,1
dog-eared,1
scripts,2
plays,1
pretended,1
auditioning,1
stuffed,1
top.,1
besides,1
electronic,10
thumb,1
short,6
squat,1
"rod,",1
smooth,2
matt,1
flat,9
switches,1
dials,1
end;,1
largish,2
calculator.,1
hundred,24
tiny,18
press,5
buttons,5
screen,6
inches,3
square,5
"""pages""",1
summoned,1
moment's,4
notice.,1
insanely,1
"complicated,",1
reasons,3
snug,2
plastic,5
fitted,5
printed,2
letters.,1
books,1
corporations,1
micro,1
sub,1
meson,2
component,1
normal,3
"form,",2
interstellar,7
hiker,6
require,2
inconveniently,2
buildings,4
carry,3
"biros,",1
"notepad,",1
bath,1
towel,9
marks,1
spencer.,1
subject,3
towels.,1
"towel,",1
"says,",2
massively,3
useful,4
have.,1
partly,7
practical,3
value,2
wrap,2
warmth,1
bound,3
moons,1
jaglan,1
beta;,1
brilliant,3
marble-sanded,1
beaches,1
"v,",1
inhaling,1
vapours;,1
sleep,2
stars,4
shine,1
redly,1
desert,2
kakrafoon;,1
use,8
sail,2
mini,1
raft,1
slow,3
heavy,7
river,1
moth;,1
wet,4
hand-to-,1
hand-combat;,1
ward,1
noxious,1
fumes,1
avoid,2
gaze,2
ravenous,3
bugblatter,3
beast,3
traal,2
(a,3
"animal,",1
assumes,1
daft,1
"bush,",1
ravenous);,1
wave,7
emergencies,1
distress,1
"signal,",1
seems,4
"importantly,",1
immense,4
psychological,1
value.,1
"reason,",1
strag,3
(strag:,1
non-hitch,1
hiker),1
discovers,1
automatically,2
possession,1
"toothbrush,",1
face,11
"flannel,",1
"soap,",1
tin,2
"biscuits,",1
"flask,",1
"compass,",1
"map,",1
ball,3
"string,",1
gnat,2
"spray,",1
"gear,",1
suit,3
"etc.,",1
etc.,1
"furthermore,",1
happily,2
lend,1
items,1
might,14
accidentally,3
"""lost"".",1
breadth,1
rough,2
slum,1
struggle,1
against,22
"odds,",1
"through,",1
knows,3
clearly,14
reckoned,1
hence,2
phrase,3
hiking,2
"slang,",1
"""hey,",10
sass,1
hoopy,1
prefect?,1
there's,10
frood,1
"is.""",5
(sass:,1
aware,7
"of,",1
"meet,",1
sex,2
with;,2
hoopy:,1
together,9
guy;,1
frood:,1
guy.),1
nestling,1
"satchel,",1
wink,1
quickly.,1
fan,2
"bank,",2
relaxing,2
cup,4
tea.,3
struggling,2
third,10
"pint,",1
"""why?",2
"what,",1
"have?""",1
"surprised,",1
seem,10
longer.,1
clicked,1
irritation.,3
urged.,1
sound,15
rumbling,1
crash,1
filtered,1
murmur,1
"jukebox,",1
hiccupping,1
whisky,2
bought,4
choked,2
leapt,6
feet.,4
yelped.,2
"worry,""",3
"""they",10
"yet.""",2
"that,""",12
relaxed.,1
"down,""",1
drowning,1
pint.,1
ford's,11
spell,1
broken.,1
ran,5
are!,1
they're,8
down.,2
am,20
"""it",26
hardly,5
makes,1
difference,2
"stage,""",1
"""let",4
"fun.""",1
"""fun?""",1
yelped,2
"""fun!""",1
checked,2
again,28
same,15
thing.,2
"""damn",1
"fun!""",1
furiously,2
waving,9
empty,5
beer,2
glass.,1
lunchtime.,1
"""stop,",1
vandals!,1
"wreckers!""",1
bawled,4
crazed,1
"visigoths,",1
"you!""",1
turning,5
packets,2
peanuts.,2
"sir,""",2
slapping,1
"bar,",1
"""twenty-eight",1
pence,2
you'd,8
"kind.""",1
change.,2
shivered:,1
experienced,4
momentary,1
sensation,5
before.,2
moments,5
"stress,",3
every,33
exists,1
gives,5
sublimal,2
signal.,1
signal,3
communicates,1
exact,2
pathetic,1
birth.,1
possible,4
further,14
sixteen,1
"birthplace,",1
isn't,16
"far,",1
signals,3
minute,3
noticed.,1
born,1
600,1
light,36
near,4
reeled,1
hit,6
"shocking,",1
incomprehensible,4
distance.,2
"meant,",1
"respect,",1
awe.,1
"""are",10
"serious,",1
whisper,2
silencing,1
"end?""",1
"""but,",1
"afternoon?""",1
recovered,1
flippest.,1
"gaily,",1
"estimate.""",1
couldn't,19
believe,10
conversation,3
"having,",1
"""isn't",2
"nothing,""",3
stuffing,2
peanuts,2
pockets.,1
hushed,2
laughed,3
raucously,1
become.,1
sozzled,1
meant,3
bag,1
our,37
"something.""",4
us,32
"army,""",1
"man,",17
trek,1
whisky.,1
"""will",3
"help?""",1
"""no,""",10
"""i've",11
"go.""",3
"wave,",1
left.,1
"longer,",1
embarrassingly,1
raucous,1
dragged,3
along,12
grown,3
loathe,2
dearly,1
hour,3
"so,",3
satisfaction,2
evaporate,1
whiff,2
"hydrogen,",2
ozone,2
carbon,2
monoxide.,2
came,31
busy,5
evaporating,1
herself,2
throat.,7
say:,1
"""last",2
"orders,",1
"please.""",1
machines,2
downward,1
move,3
faster.,2
"lane,",1
reached,7
"become,",1
"wind,",2
sudden,15
irrational,2
squall,1
rain.,2
caterpillar,1
crawling,1
rubble,2
home.,1
"barbarians!""",1
yelled.,3
sue,1
penny,1
got!,1
i'll,12
"hung,",2
drawn,2
quartered!,1
whipped!,1
boiled,3
"enough.""",1
"again!""",1
yelled,9
finished,3
"bits,",1
jump,3
"them!""",1
bulldozers;,1
staring,4
hectically,1
sky.,2
noticed,5
clouds.,1
impossibly,2
somethings.,1
jumping,1
"them,""",6
"running,",2
"""until",1
"blisters,",1
unpleasant,6
"do,",2
"tripped,",1
"headlong,",1
landed,2
shot,6
upwards.,2
hell's,1
shrieked.,1
whatever,8
raced,2
monstrous,3
"yellowness,",1
tore,2
apart,4
mind-buggering,1
noise,8
leaving,3
gaping,1
air,25
bang,6
drove,1
ears,1
feet,11
skull.,1
followed,10
louder.,1
themselves.,3
"houses,",2
howling,2
noiselessly,1
noise.,3
city,2
exploded,3
"people,",1
cars,2
slewed,2
tidal,1
hills,1
"valleys,",1
deserts,1
"oceans,",1
seeming,1
flatten,1
everything,12
hit.,1
watched,10
"sky,",4
sadness,3
rubber,2
bungs,1
ears.,2
happening,1
sens-o-,1
matic,1
winking,2
dead,14
pillar,1
woken,1
start.,1
waited,5
deciphered,1
pattern,2
alone,3
room,11
coldness,1
gripped,1
squeezed,2
heart.,1
races,4
hello,4
"thought,",17
vogons.,3
do.,2
vogon,43
craft,6
screamed,6
satchel.,2
threw,7
copy,8
joseph,1
amazing,4
technicolor,1
"dreamcoat,",1
godspell:,1
going.,2
"ready,",1
prepared.,1
silence,14
worse,4
happened.,5
ships,4
motionless,2
"air,",3
nation,1
"huge,",1
"heavy,",1
blasphemy,1
nature.,1
shock,3
minds,3
encompass,1
at.,5
bricks,2
don't.,2
"whisper,",2
spacious,2
open,13
ambient,1
sound.,3
hi,4
fi,1
"world,",3
"radio,",1
"television,",1
cassette,1
"recorder,",1
"woofer,",1
"tweeter,",1
mid-range,1
driver,2
"can,",1
dust,6
"bin,",1
"car,",1
wine,1
"glass,",1
sheet,3
rusty,1
metal,3
became,11
activated,1
acoustically,1
perfect,2
sounding,2
board.,1
treated,1
ultimate,11
"reproduction,",1
address,3
built.,1
"concert,",1
"music,",3
"fanfare,",1
simple,12
message.,2
"""people",1
"please,""",3
voice,45
wonderful.,1
wonderful,6
quadrophonic,1
distortion,1
levels,1
brave,2
weep.,1
prostetnic,7
jeltz,6
"council,""",1
continued.,7
"""as",3
doubt,5
"aware,",1
development,1
outlying,2
regions,2
building,4
hyperspatial,3
express,2
route,1
"system,",1
regrettably,1
scheduled,1
demolition.,1
process,4
minutes.,1
pa,4
away.,12
uncomprehending,1
terror,3
watching,4
crowds,1
iron,3
fillings,1
board,1
magnet,1
sprouted,1
fleeing,1
"panic,",1
nowhere,2
flee,1
to.,6
observing,1
"this,",9
vogons,19
"""there's",8
acting,1
charts,1
demolition,2
orders,2
department,2
alpha,5
centauri,2
plenty,1
lodge,1
formal,1
complaint,1
late,2
fuss,2
"now.""",6
echo,1
drifted,5
land.,4
easy,3
underside,1
hatchway,11
"opened,",1
space.,4
manned,1
"transmitter,",1
located,1
wavelength,1
broadcasted,1
message,6
"ships,",2
plead,1
behalf,1
planet.,9
nobody,2
reply.,1
slammed,2
annoyed.,1
centauri?,1
heaven's,1
sake,4
"mankind,",1
interest,4
affairs,2
lookout.,1
"""energize",1
"beams.""",1
poured,1
hatchways.,1
"pa,",1
"""apathetic",1
"planet,",4
sympathy,1
"all.""",3
cut,9
off.,8
ghastly,5
silence.,6
constructor,5
fleet,2
coasted,2
inky,1
starry,1
void.,2
opposite,4
zaphod,111
"beeblebrox,",6
president,21
imperial,5
"government,",3
sped,4
"damogran,",2
ion,1
delta,2
boat,7
flashing,3
damogran,13
hot;,1
remote;,1
totally,9
unheard,2
of.,4
secret,3
gold.,6
destination,1
arranged,1
consists,1
middling,1
islands,2
separated,1
annoyingly,1
wide,8
stretches,1
ocean.,1
topological,1
awkwardness,1
deserted,2
government,10
chose,1
"project,",2
secret.,1
zipped,2
skipped,2
"sea,",1
main,5
archipelago,1
beeblebrox,13
spaceport,1
easter,2
island,3
(the,2
entirely,11
meaningless,4
coincidence,7
"galacticspeke,",1
brown),1
"island,",1
france.,1
string,1
coincidences.,1
"today,",2
culmination,2
"unveiling,",1
introduced,1
marvelling,1
beeblebrox.,2
"presidency,",1
decision,2
sent,8
waves,2
astonishment,3
throughout,4
beeblebrox?,2
president?,4
clinching,2
proof,3
creation,2
bananas.,1
extra,5
kick,5
speed.,2
"adventurer,",1
"ex-hippy,",1
"timer,",1
(crook?,1
"possibly),",1
manic,2
"self-publicist,",1
personal,1
"relationships,",1
completely,9
lunch.,2
"bananas,",1
least.,2
entire,8
understood,4
principle,3
"governed,",1
announced,4
intention,1
fait,1
accompli:,1
ideal,1
presidency,3
fodder*.,1
banked,2
"sharply,",4
shooting,5
wild,12
wall,14
day;,1
beeblebrox's,2
hundredth,1
"birthday,",1
coincidence.,1
exciting,1
lazily,3
seat,4
steered,1
recently,5
right,14
improve,1
ski-boxing.,1
"""hey,""",3
cooed,1
"""you're",9
real,12
cool,2
boy,1
nerves,1
sang,2
shriller,1
dog,3
whistle.,2
france,1
twenty,5
"long,",4
"middle,",2
sandy,1
crescent,4
shaped.,1
defining,1
sweep,2
curve,3
bay.,5
heightened,1
inner,2
coastline,1
consisted,2
steep,1
cliffs.,1
cliff,3
land,5
sloped,1
shore.,1
cliffs,1
reception,1
committee.,1
part,18
engineers,2
researchers,1
mostly,8
"humanoid,",2
reptiloid,1
"atomineers,",1
slyph-like,1
"maximegalacticans,",1
octopoid,1
physucturalist,1
hooloovoo,4
super-intelligent,1
shade,2
color,2
blue).,1
except,6
resplendent,2
multi-,1
colored,1
ceremonial,1
lab,2
coats;,1
temporarily,2
refracted,1
free,1
prism,1
occasion.,1
mood,3
excitement,4
thrilling,1
beyond,3
furthest,3
limits,1
physical,3
"laws,",1
restructured,1
fundamental,2
fabric,3
"matter,",1
"strained,",1
twisted,6
broken,1
laws,2
"impossibility,",2
meet,4
orange,3
sash,3
(an,3
traditionally,1
wore.),1
power,17
wielded:,1
wield,2
attract,1
job.,3
crowd,5
"gasped,",1
dazzled,1
"seemanship,",1
presidential,3
speedboat,1
headland,1
flashed,10
shone,3
skating,1
skidding,1
turns.,1
touch,2
supported,1
hazy,1
cushion,1
ionized,1
atoms,5
thin,12
finblades,1
lowered,1
slashed,1
sheets,1
hissing,1
carved,2
gashes,1
swayed,1
crazily,1
sank,2
foaming,1
boat's,1
wake,6
careered,1
loved,2
effect:,1
wheel,1
scything,1
skid,1
dropped,5
lightly,4
rocking,1
waves.,1
within,7
onto,2
deck,1
billion,6
people.,2
weren't,3
gesture,1
robot,16
tri-d,1
camera,2
hovered,1
obsequiously,1
nearby.,1
antics,1
tri-d;,1
bigger,1
antic,1
anyone,11
bargained,1
homed,1
close,5
heads,8
humanoid,2
appearance,1
arm.,2
fair,3
tousled,1
random,2
"directions,",1
glinted,1
"unidentifiable,",1
chins,1
unshaven.,1
twenty-foot-high,1
transparent,1
globe,4
floated,3
"boat,",1
"bobbing,",1
glistening,1
semi-circular,1
upholstered,2
glorious,2
red,9
leather:,1
bobbed,2
"rolled,",1
stayed,1
"still,",1
rock.,2
done,5
stepped,8
sofa.,1
knee.,1
"about,",6
smiling;,1
scream.,1
"bubble,",2
seethed,1
spouted.,1
surged,2
bobbing,2
spout.,1
"climbed,",2
throwing,2
stilts,1
cliff.,1
"jet,",1
falling,5
crashing,1
hundreds,1
below.,1
picturing,1
thoroughly,7
ridiculous,1
"transport,",1
beautiful,5
wavered,1
tipped,2
railed,1
"ramp,",1
concave,2
platform,1
riddled,1
halt.,2
tremendous,4
applause,2
light.,6
arrived.,2
die,7
"down,",5
raised,6
hands,8
greeting.,1
"""hi,""",4
spider,1
sidled,2
attempted,3
prepared,5
speech,6
hands.,3
pages,3
seven,9
original,7
version,1
floating,3
soggily,1
salvaged,1
frond,2
crested,2
eagle,4
become,10
incorporated,1
nest,1
invented.,1
constructed,3
papier,1
m@ch@,1
virtually,4
impossible,6
newly,2
hatched,1
baby,1
break,3
notion,1
survival,2
species,2
truck,1
needing,2
gently,1
deflected,1
offered,2
spider.,1
beamed,1
"or,",1
"least,",1
everyone.,2
singled,1
trillian,46
crowd.,4
gird,1
picked,15
visiting,2
"fun,",3
incognito.,1
"slim,",1
"darkish,",1
"hair,",1
"mouth,",1
nob,1
ridiculously,1
brown,2
scarf,1
knotted,1
flowing,1
silky,1
dress,2
arabic.,1
arab,1
arabs,1
ceased,1
"exist,",2
existed,5
damogran.,2
"""hi",7
"honey,""",1
her.,2
tight,3
smile,4
warmly,2
else.,3
knot,1
creatures,5
nearby,4
wishing,1
quotes.,1
quote.,1
officials,1
party,6
irritably,3
deliciously,1
written,2
flipped,1
switch,2
remote,4
control,13
pocket.,2
white,14
dome,1
bulged,1
cracked,5
"split,",1
ground.,7
gasped,4
although,1
uncovered,1
"starship,",1
metres,1
shaped,1
sleek,2
"shoe,",1
beautiful.,2
"unseen,",1
box,1
carried,11
brain-wretching,1
"conceived,",1
starship,2
unique,1
history,5
ship,29
named,1
"""wow"",",1
else,14
say.,3
annoy,1
press.,2
"""wow.""",1
faces,5
towards,22
expectantly.,2
eyebrows,3
widened,1
showoff.,1
"amazing,""",2
truly,2
amazing.,1
steal,4
marvellous,1
"quote,",1
absolutely,5
true,1
form.,2
"appreciatively,",1
newsmen,1
gleefully,1
punched,3
news-matics,1
grinned.,1
unbearably,1
fingered,1
paralyso-matic,1
bomb,2
bear,3
more.,3
whoop,1
major,10
"thirds,",1
ground,8
frozen,2
smiles.,1
"sight,",1
domed,1
rose,1
piggy,2
forehead.,1
rubbery,2
thick,5
civil,2
service,3
"politics,",1
waterproof,1
survive,3
indefinitely,1
depths,2
ill,5
effects.,1
swimming,1
schedule,1
billions,1
ago,3
crawled,4
sluggish,2
primeval,1
"vogsphere,",1
lain,1
panting,2
heaving,1
planet's,4
virgin,1
shores...,1
bright,6
young,7
vogsol,1
"morning,",2
forces,3
evolution,1
ad,2
aside,7
disgust,3
ugly,6
unfortunate,2
mistake.,1
evolved,4
again;,1
survived.,1
tribute,1
thick-,1
willed,1
slug-brained,1
stubbornness,1
creatures.,1
evolution?,1
"themselves,",4
needs,2
"it?,",1
nature,3
refused,2
rectify,2
grosser,1
anatomical,1
inconveniences,1
surgery.,1
"meanwhile,",1
natural,2
vogsphere,2
working,4
overtime,1
earlier,1
blunder.,1
brought,7
forth,1
scintillating,2
jewelled,3
scuttling,2
"crabs,",1
"ate,",1
smashing,2
shells,1
mallets;,1
tall,2
aspiring,1
breathtaking,1
slenderness,1
burned,1
crab,1
meat,2
elegant,2
gazelle-,1
silken,1
coats,1
dewy,1
catch,1
transport,1
backs,2
snap,1
"instantly,",1
anyway.,5
thus,4
whiled,1
millennia,1
discovered,9
principles,1
travel.,1
vog,1
migrated,1
megabrantis,1
"cluster,",1
political,4
hub,1
immensely,1
powerful,2
backbone,1
service.,2
acquire,2
"learning,",1
style,3
social,2
"grace,",1
respects,1
modern,1
different,4
forebears.,1
year,2
import,1
twenty-seven,1
crabs,1
native,2
drunken,1
bits,8
mallets.,1
fairly,5
typical,1
vile.,1
"also,",1
hikers.,2
cabin,9
buried,2
intestines,1
jeltz's,1
"flagship,",1
flared,2
nervously.,2
owner,1
"vogon,",2
prefect*.,1
little;,1
strange,13
shadows,2
loomed,3
leaped,5
flickering,1
"flame,",1
dentrassis.,1
dentrassis,4
tribe,2
"gourmands,",1
bunch,4
taken,7
employing,1
catering,1
staff,2
haul,1
"fleets,",1
strict,1
understanding,1
themselves,14
suited,2
"fine,",3
"money,",1
hardest,2
currencies,1
"space,",5
loathed,1
dentrassi,5
annoyed,1
vogon.,2
piece,4
groan.,2
shape,4
floor.,5
"pocket,",1
crouched,1
"peanuts.""",1
"moved,",1
groaned,1
muttering,2
incoherently.,1
"""here,",2
"some,""",1
urged,5
shaking,2
packet,2
transference,1
beam,3
salt,1
protein.,1
cushioned,1
"bit.""",2
"""whhhrrrr...""",1
"dark,""",1
"dark.""",1
"""no",14
"light,""",1
"""dark,",1
"light.""",2
habit,2
continually,1
stating,1
repeating,1
"obvious,",1
"day,",5
dear,1
fallen,1
thirty-foot,1
alright?,1
theory,5
account,3
behaviour.,1
exercising,2
"lips,",2
mouths,1
seize,1
months',1
consideration,1
observation,2
abandoned,2
favour,1
working.,1
obstructively,1
cynical,1
desperately,6
number,11
agreed,7
helped,1
"feel?""",1
"""like",2
military,1
"academy,""",1
"""bits",1
"out.""",4
blankly,1
darkness.,2
"were,""",1
"weakly,",2
regret,1
"it?""",31
"""we're",10
"safe,""",1
"good,""",3
galley,2
"cabin,""",1
spaceships,3
"fleet.""",1
"""ah,""",3
usage,1
safe,3
previously,1
"of.""",1
switch.,2
struggled,3
hugged,3
apprehensively.,1
hideous,1
alien,5
shapes,6
throng,1
musty,1
smells,1
lungs,2
identifying,1
irritating,3
hum,6
kept,4
focusing.,1
"here?""",4
"asked,",1
shivering,1
slightly.,3
hitched,2
"lift,""",1
"me?""",1
thumbs,1
bug-eyed,3
monster,1
"fellas,",1
hop,1
basingstoke,1
"roundabout?""",1
"""well,""",8
thumb's,1
signalling,1
"device,",1
roundabout's,1
barnard's,2
"otherwise,",1
"right.""",2
"monster?""",1
"""is",22
"green,",1
"yes.""",3
"""when",3
"home?""",1
"can't,""",1
"""shade",1
"""good",9
"grief,""",1
interior,2
"saucer?""",1
heaved,2
body,8
bridge.,10
irritable,1
demolishing,1
populated,1
planets.,1
shout,2
better.,2
flopped,1
heavily,5
hope,4
complaining,1
creak.,1
"""go",2
"away!""",1
guard,14
entered,2
bridge,7
vanished,5
"immediately,",2
relieved.,1
glad,3
delivered,2
report,2
received.,1
official,1
release,1
spaceship,7
unveiled,1
research,6
base,1
henceforth,1
routes,1
unnecessary.,1
slid,5
"open,",4
captain,8
quarters,1
meals.,1
meal,2
welcome.,2
furry,5
creature,4
bounded,1
lunch,1
tray.,1
grinning,2
maniac.,2
delighted.,1
pleased,4
indeed,3
"think?""",1
"squalid,",1
grubby,1
"mattress,",1
unwashed,1
cups,2
unidentifiable,1
smelly,2
underwear,1
cramped,1
cabin.,4
"ship,",7
"see,""",5
"""these",2
sleeping,1
"quarters.""",1
"cooks,",1
"board.""",1
"confused,""",1
"this,""",2
mattresses,3
rummaged,2
prodded,3
mattress,2
himself:,1
swamps,1
squornshellous,2
zeta,1
killed,3
dried,1
handed,1
"job.""",1
"cover,""",1
panic.,2
helpful,1
intelligible,1
anybody's,1
"day.""",2
show,10
"works,""",1
snatched,1
holding,4
two-week-dead,1
lark,2
button,7
"index.""",1
"screen,",2
"four,",1
lit,2
characters,1
flicker,1
surface.,2
"vogons,",1
enter,1
fingers,4
tapped,5
keys.,1
"are.""",2
fleets,2
screen.,8
pressed,5
undulate,1
speak,7
entry,6
quiet,3
measured,2
voice.,9
"""vogon",1
fleets.,1
lift,4
vogon:,1
forget,5
"evil,",1
"tempered,",1
"bureaucratic,",1
officious,1
callous.,1
save,5
grandmothers,1
signed,1
"triplicate,",1
"in,",3
"queried,",1
"lost,",1
"found,",1
subjected,1
"inquiry,",1
soft,8
peat,1
recycled,1
firelighters.,1
stick,5
"throat,",1
irritate,1
feed,2
grandmother,1
traal.,1
poetry,8
"point,",1
date,1
"now,""",5
sliding,3
field,3
revised,2
"edition,",1
include,2
employ,1
cooks,2
"loophole.""",1
pained,2
expression,2
crossed,3
face.,5
"dentrassi?""",2
"""great",4
"guys,""",5
mixers,1
slap,1
"aboard,",1
"company,",1
annoys,1
impoverished,1
lost.,3
mattresses.,1
"""unfortunately",1
"intended,""",1
week,1
"years.""",1
"""easy,",1
"teaser.""",1
"""a",21
"teaser?""",1
"""yeah.""",3
teaser?,1
teasers,1
rich,7
kids,4
cruise,1
contact,1
yet,7
buzz,3
"""buzz",1
"them?""",2
"""yeah"",",1
isolated,1
spot,1
"around,",5
poor,5
soul,2
one's,3
strut,1
wearing,3
silly,2
antennae,1
beep,2
noises.,2
childish,1
"really.""",1
leant,1
infuriatingly,2
insisted,10
"question,",2
rescued,3
"earth.""",3
"earth?""",2
"""ah.",1
"demolished.""",1
levelly.,1
"""yes.",5
"space.""",3
"""look,""",5
upset,3
"that.""",8
mind.,7
last.,2
"""understand",2
"that!""",3
sprang,3
"book!""",1
hissed,4
"panic.""",1
"panicking!""",1
"""alright",1
"panicking,",1
"do?""",4
galaxy's,2
fish,10
"ear.""",2
beg,5
"pardon?""",5
politely,1
jar,1
wriggling,1
recognizable,2
grasp,2
alongside,1
"underwear,",1
piles,2
offering,1
ear,3
corn,1
flakes.,1
"couldn't,",1
safe.,2
violent,1
source,5
identify.,1
fighting,1
pack,2
wolves.,1
"""shush!""",2
"""listen,",1
"important.""",3
"""im",1
"important?""",1
announcement,1
"t'annoy.""",1
"""listen!""",1
"vogon!""",1
lightning,1
"movement,",1
clapped,1
hand,6
"ear,",1
sickening,1
slithering,1
aural,2
tract.,1
gasping,3
horror,4
scrabbled,2
goggle-eyed,1
wonder.,1
experiencing,1
equivalent,3
picture,5
silhouetted,1
seeing,4
candlestick.,1
coloured,2
dots,1
resolve,1
figure,7
optician,1
charge,1
money,5
glasses.,1
listening,2
"gargles,",1
semblance,1
straightforward,1
english.,1
"""howl",1
howl,10
slurrp,1
uuuurgh,1
repeats.,1
"speaking,",2
attention.,3
instruments,4
hitchhikers,1
aboard.,1
wherever,2
are.,2
clear,9
taxi,1
load,2
degenerate,1
freeloaders.,1
"party,",1
ship.,9
lucky,8
first.,2
"""secondly,",1
journey,2
star.,1
arrival,3
stay,1
dock,1
seventy-two,1
"refit,",1
leave,3
during,4
"repeat,",1
cancelled.,1
love,1
"affair,",3
"ends.""",1
embarrassment,1
curled,3
floor,5
weakly.,3
"""charming",1
"man,""",1
daughter,1
forbid,1
marry,1
"""they've",2
appeal,1
road,5
accident.,1
"move,""",1
added,7
uncurl,1
"""you'd",4
hyperspace.,4
unpleasantly,1
"drunk.""",1
"drunk?""",1
"water.""",1
"""yeah?""",5
"ear?""",1
translating,1
babel,6
fish.,4
"like.""",2
tossed,3
foetal,1
prepare,2
jump.,1
leak,1
spun,1
navel.,1
"fish,""",1
"quietly,",5
"small,",1
"leech-like,",1
oddest,2
universe.,6
feeds,2
brainwave,3
energy,4
carrier,2
absorbs,1
unconscious,1
frequencies,2
nourish,1
excretes,1
telepathic,1
matrix,3
combining,1
conscious,1
nerve,1
centres,3
supplied,1
upshot,1
instantly,2
language.,1
patterns,5
hear,9
decode,1
fed,3
"""now",7
bizarrely,1
improbable,7
mind-bog-gin-gly,1
purely,1
chance,4
thin-kers,1
chosen,3
non-existence,1
god.,2
argument,4
goes,5
`i,2
refuse,1
prove,2
"exist,'",1
"god,",2
`for,1
denies,1
"faith,",1
faith,1
nothing.',1
"""`but,'",1
`the,2
"giveaway,",1
it?,8
chance.,1
proves,1
"therefore,",1
"arguments,",1
qed.',1
"""`oh",1
"dear,'",1
"that,'",1
promptly,2
puff,1
logic.,1
"""`oh,",1
"easy,'",1
encore,2
gets,1
zebra,1
crossing.,1
leading,4
theologians,1
claim,1
"kidneys,",1
colluphid,1
fortune,2
central,1
theme,1
best-,1
wraps,1
"""meanwhile,",1
"fish,",1
effectively,3
removing,1
barriers,1
communication,3
"cultures,",1
caused,3
bloddier,1
wars,2
"creation.""",1
horrified,1
discover,3
existed.,2
swam,1
sickeningly,2
nauseated,1
imagination,3
impact,4
"gone,",4
big.,3
feelings,1
thinking,6
parents,2
sister,1
gone.,4
reaction.,4
complete,2
stranger,1
queue,2
supermarket,2
stab,1
nelson's,3
column,4
gone!,1
"outcry,",1
outcry.,1
england,4
"mind,",3
dank,2
steel-lined,2
spaceship.,1
claustrophobia,1
somehow,4
"america,",1
smaller,1
york,1
believed,2
"dollar,",1
sunk,3
ever.,2
tremor,1
bogart,1
movie,1
"wiped,",1
nasty,2
knock.,1
"mcdonalds,",1
mcdonald's,2
hamburger.,1
sobbing,1
mother.,2
jerked,1
violently,3
"""ford!""",3
humming,5
actual,2
travelling-through-space,1
travel,2
trying.,1
gathering,1
material,1
extend,2
edition,2
"""yeah",4
"ok.""",1
grabbed,4
shaking.,1
relevant,1
page.,1
swirled,4
resolved,2
print.,1
doesn't,10
"entry!""",1
shoulder.,2
"does,""",1
"""down",1
eccentrica,2
"gallumbits,",1
triple-breasted,1
whore,1
eroticon,1
"6.""",1
"finger,",3
pointing.,1
"register,",1
blew,3
"""what?",4
harmless?,1
say?,2
harmless!,1
"word!""",1
shrugged.,4
limited,1
book's,1
"microprocessors,""",1
"course.""",2
managed,6
transmit,1
editor.,1
trim,1
"improvement.""",1
"now?""",4
"""mostly",2
"harmless,""",1
admitted,1
embarrassed,2
cough.,1
"harmless!""",1
"noise?""",1
"shouting,""",2
"""no!",1
"up!""",4
we're,17
"trouble.""",1
"trouble!""",1
marching,1
whispered,5
steel,10
"boots,""",1
sharp,2
ringing,2
rap,1
door.,6
"""then",6
throw,6
"unlucky?""",1
"unlucky,""",1
"grimly,",1
serious,2
threat,2
worst,3
azagoths,1
kria.,1
recitation,1
poet,1
master,1
grunthos,2
flatulent,1
poem,4
"""ode",1
lump,3
putty,1
armpit,1
midsummer,1
"morning""",1
audience,1
internal,1
"haemorrhaging,",1
mid-galactic,1
arts,1
nobbling,1
survived,1
gnawing,1
legs,4
reported,1
"""disappointed""",1
poem's,1
"reception,",1
embark,1
reading,3
twelve-,1
epic,1
favourite,2
bathtime,1
gurgles,2
"intestine,",1
"civilization,",1
neck,3
throttled,1
brain.,1
perished,1
creator,1
paula,1
nancy,1
millstone,1
jennings,1
"greenbridge,",1
"essex,",1
destruction,2
slowly.,1
remember,5
sequence,1
muscle,1
movements.,1
therapeutic,1
yell,1
prisoners,4
ready,5
callousness.,1
appreciation,1
chairs,2
--strapped,1
suffered,2
illusions,1
regard,1
works,3
generally,5
held,4
early,4
attempts,4
composition,1
bludgeoning,1
insistence,1
cultured,1
"race,",1
sheer,4
bloodymindedness.,1
sweat,1
"brow,",1
electrodes,1
strapped,1
attached,1
battery,1
equipment,4
imagery,2
"intensifiers,",1
rhythmic,2
"modulators,",1
alliterative,1
residulators,1
simile,1
dumpers,1
designed,9
heighten,1
experience,4
single,7
nuance,1
poet's,2
quivered.,1
"for,",2
fetid,1
passage,1
devising.,1
frettled,1
gruntbuggly,1
began.,1
spasms,2
wracked,1
"""...",12
thy,1
micturations,1
|,1
plurdled,1
gabbleblotchits,1
lurgid,1
"bee.""",1
"""aaaaaaarggggghhhhhh!""",1
wrenching,1
lumps,2
pain,3
thumped,1
dimly,3
lolling,2
seat.,5
clenched,1
teeth.,2
"""groop",1
implore,1
"thee,""",1
merciless,1
foonting,1
"turlingdromes.""",1
rising,2
horrible,1
pitch,3
impassioned,1
stridency.,1
hooptiously,1
drangle,1
crinkly,2
"bindlewurdles,|",1
rend,1
thee,1
gobberwarts,1
"blurglecruncheon,",1
"don't!""",2
"""nnnnnnnnnnyyyyyyyuuuuuuurrrrrrrggggggghhhhh!""",1
cried,14
spasm,2
enhancement,1
line,2
blast,2
limp.,1
lolled.,1
earthlings,1
whirred,1
(he,2
cared,3
had),1
present,5
choice!,1
vacuum,2
paused,8
melodramatic,1
"effect,",1
"""tell",5
"was!""",1
leathery,1
bat-shaped,1
rasping,1
breath.,2
dusty,4
parched,1
moaned.,1
brightly:,1
gaped.,3
approach,1
occurred,3
eyebrow,1
obscured,1
therefore,6
"whirred,",1
considerable,5
astonishment.,5
metaphysical,1
"effective.""",2
organizing,1
thoughts,4
concept.,1
bareface,1
this?,1
continue,1
invited,2
er,11
"too,""",1
"""which",8
counterpoint,1
floundered.,1
"rescue,",1
hazarding,1
"""counterpoint",2
surrealism,2
underlying,2
metaphor,2
floundered,1
"too,",4
humanity,1
"""vogonity,""",1
"""ah",3
vogonity,1
(sorry),1
compassionate,2
"soul,""",1
stretch,2
contrives,1
medium,1
verse,1
structure,5
sublimate,1
transcend,1
terms,4
dichotomies,1
"other,""",1
reaching,2
triumphant,1
crescendo,1
...),1
profound,1
vivid,1
insight,1
(...,1
him.),1
coup,1
de,1
gr@ce:,1
"""into",2
"about!""",1
mouth:,1
"done,",2
"good.""",4
perused,1
embittered,1
"touched,",1
late.,2
quality,2
cat,2
snagging,1
nylon.,1
write,4
underneath,2
callous,2
heartless,2
exterior,2
"loved,""",1
paused.,5
"right?""",3
laugh.,2
"wrong,""",1
relief.,1
guard!,1
airlock,6
"out!""",3
yanked,1
straps,1
blubbery,2
arms.,1
"space,""",2
"book.""",1
"""resistance",6
"useless!""",4
learnt,2
joined,1
corps.,1
detached,1
amusement,1
wildly.,3
"now!""",3
headache!,1
heaven,1
"headache,",1
cross,5
enjoy,6
"it!""",5
firmly,4
"neck,",1
bowing,1
deferentially,2
captain's,1
hoiked,1
protesting,1
hummed,2
mused,1
fingering,1
notebook,3
verses.,1
"""hmmmm,""",1
considered,3
grim,1
"""death's",1
corridor,3
echoed,1
feeble,3
struggles,1
humanoids,1
clamped,2
armpits.,1
"great,""",1
spluttered,2
terrific.,1
"brute!""",1
hopeful.,1
guard.,4
"""just",9
stammered,2
maintain,1
positive,2
attitude,2
"god,""",5
complained,3
demolished,1
today.,1
"reading,",1
smoking,1
remains,1
"earth!""",1
gurgled,1
tightened,1
grip.,1
"panicking.""",2
"""who",11
"panicking?""",1
snapped,7
culture,2
shock.,1
wait,6
bearings.,1
"""arthur",2
getting,9
hysterical.,1
"think,",2
interrupted,5
"well!""",1
"rest,""",1
captor's,1
"""do",8
"thing?""",2
suddenly.,1
stupidity,1
seeped,1
"""enjoy?""",1
boomed.,2
"mean?""",5
"mean,""",2
satisfying,1
life?,3
stomping,1
"shouting,",2
pushing,1
ceiling,4
other.,5
slacked.,1
hours,3
"""they'd",1
"be,""",3
"""ford,",3
"doing?""",3
amazed,1
whisper.,1
"me,",4
"ok?""",3
resumed.,1
moiled,1
murky,1
depths.,1
"""yeah,""",6
mention,3
lousy.,1
required,3
"""except",2
"bellowed,",1
"""sure,",1
"hurriedly,",1
tell.,1
"lousy,""",1
reach,7
"mark,",1
girls?,1
leather?,1
machismo?,1
mindless,4
tedium,2
presents,1
"challenge?""",1
"""er",8
"guard,",6
dunno.,1
aunt,1
career,2
"uniform,",1
low-,1
slung,1
stun,1
ray,1
"holster,",1
"argument,",1
"problems.""",2
had.,1
business,5
half-throttled,1
much.,7
"""try",1
"problem,""",2
"""here",1
"lad,",1
life's,1
stamping,2
"sure,""",4
patting,2
"condescension,",1
sad.,1
"gesture,",2
asphyxicated,2
speak.,2
rumblings,1
bemusement,1
"""well.",1
suppose,5
"lad!""",1
encouraged,1
"alright,""",3
"rumblings,",1
"alternative?""",1
brightly,5
"slowly,",5
"""stop",1
course!,1
"anymore.""",1
occupied,3
pondering,1
"""eerrrrrrmmmmmmmmmmmmmmmmmmmmm",1
"""erm,",1
slipping,2
"minute,""",1
"see,",9
renewed,1
grip,3
purpose,4
lugging,1
airlock.,1
touched.,1
"you,""",11
"""i'd",5
shoved,1
"do.""",1
"look!""",1
brightly.,1
"""huhhhhgggggggnnnnnnn",1
inflection.,1
pursued,3
music,4
art,2
yet!,1
"arrrggghhh!""",1
"useless,""",1
promoted,1
senior,1
"officer,",1
aren't,7
vacancies,1
non-shouting,1
non-pushing-people-about,1
"officers,",1
circular,3
massive,4
strength,1
craft.,1
operated,2
swung,4
smoothly,2
open.,5
thanks,3
"interest,""",2
"""bye",1
flung,4
chamber,8
within.,2
scrambled,4
shoulder,2
uselessly,1
reclosing,1
hatchway.,1
"listen,""",1
"this?""",4
offhand,1
beethoven's,1
fifth.,1
"""da",1
da,2
dum!,1
stir,1
"aunt.""",1
sealed,1
"tight,",1
faint,1
distant,5
ship's,10
engines.,1
polished,3
cylindrical,1
diameter,1
long.,1
"""potentially",1
lad,1
slumped,4
curved,3
wall.,7
fallen.,1
panting.,1
trapped,2
"we?""",7
"trapped.""",1
anything?,1
something.,2
"notice.""",1
"something,""",4
panted,1
"unfortunately,""",1
involved,3
airtight,1
"hatchway.""",1
kicked,1
hatch,3
through.,2
"neat.""",1
details,1
yet.,3
"er,",8
happens,1
"next?""",1
shoot,4
asphyxicate.,1
lungful,2
betelgeusian,2
battle,4
hymn.,1
alien.,1
"die.""",2
no!,1
"minute!""",1
lunged,1
vision.,1
"switch?""",1
cried.,2
"where?""",1
twisting,1
round.,3
"fooling,""",1
tune,1
asphyxication,1
listened,2
"young.""",1
"""why,",1
"listen.""",1
"""oh.""",1
humming.,1
"terrific,""",2
"""nelson's",1
harmless.,2
"well.""",1
motor,1
whirred.,1
hiss,1
deafening,1
roar,2
rushing,1
blackness,4
studded,1
popped,3
corks,1
toy,2
gun.,2
compiled,1
recompiled,1
editorships.,1
contributions,1
countless,1
numbers,2
travellers,1
researchers.,1
introduction,2
"""space,""",1
vastly,1
hugely,1
is.,2
"chemist,",1
(after,1
settles,1
fabulously,1
bethselamin,1
cumulative,2
erosion,1
tourists,1
net,1
imbalance,1
eat,1
excrete,1
surgically,1
removed,1
bodyweight,1
leave:,1
receipt.),1
confronted,1
enormity,1
distances,5
"stars,",3
responsible,1
guide's,1
faltered.,1
invite,2
consider,1
peanut,1
walnut,1
"johannesburg,",1
dizzying,1
concepts.,1
truth,4
fit,5
imagination.,1
"light,",3
travels,2
takes,4
thousands,3
stars.,1
sol,1
sol's,1
stellar,1
"neighbour,",1
proxima.,1
"instance,",4
longer:,1
record,2
total,5
seconds.,4
however,3
boggling,1
chances,3
sixty-seven,2
against.,3
telephone,4
islington,2
met,6
gatecrasher.,1
"demolished,",1
comforting,1
reflect,3
commemorated,1
twenty-nine,1
rescued.,1
computer,53
chatted,1
alarm,3
apparent,4
reason.,1
hole,4
appeared,14
nothingth,4
inch,2
"wide,",1
hats,1
balloons,1
team,2
three-,1
foot-high,1
market,3
analysts,1
"died,",1
"asphyxication,",1
surprise.,6
thirty-nine,1
fried,2
eggs,1
materializing,1
woobly,1
heap,2
famine-,1
poghril,2
pansel,1
system.,4
famine,1
cholesterol,1
poisoning,1
weeks,1
later.,2
reverberated,1
forwards,2
fashion.,1
deeply,2
past,4
traumatized,1
group,1
drifting,2
sterility,1
cling,1
extraordinarily,3
unlikely,2
patterns.,1
(this,1
patterns),1
cause,2
trouble,3
event,2
maelstroms,1
vicious,2
storms,1
unreason,1
spewed,2
pavement.,1
pavement,3
gulping,1
half-spent,1
"are,""",2
scrabbling,1
fingerhold,1
"unknown,",1
"""sure.""",1
"""bright",1
"mine,""",1
arched,1
pretend,2
flitted,1
silently,5
"by,",1
mountain,1
goats.,1
primal,1
"exploded,",1
splattering,1
space-time,2
gobbets,1
junket.,1
"blossomed,",1
shrank,1
highest,2
prime,1
coalesced,1
hid,1
"astronomical.""",1
"worked,""",1
"in?""",2
pit,1
eternity,1
yawned,1
nor,4
"i,""",1
"jumped,",1
"froze,",1
quivered,1
splayed,1
unexpected,3
directions.,2
"southend.""",2
"""hell,",1
relieved,2
"""why?""",4
"mad.""",3
"so,""",2
"""we'd",1
"mad,",1
"considered,",1
"southend?""",1
"i.""",1
"""therefore",1
"""nice",1
elderberry,1
bush,1
"kippers?""",1
"someone.""",1
unease,1
children,1
bounced,1
sand,4
horses,1
thundered,2
fresh,4
supplies,1
reinforced,1
railings,1
uncertain,1
areas.,1
"cough,",1
"southend,",1
stays,1
washing,1
too.,1
"fact,""",2
southend,1
split,3
equal,1
segments,1
danced,2
span,6
giddily,1
lewd,1
licentious,1
"formation,",1
altogether,1
"on.""",3
yowling,1
noises,2
pipes,1
strings,1
seared,1
hot,4
doughnuts,1
"each,",1
horrid,1
plunged,4
walls,6
"sound,",2
mountains,3
archaic,1
valleys,2
sessions,1
footling,1
bats,1
girl's,1
sensible,1
"""two",5
"falling,""",3
skidded,1
"voice?""",1
measurement,2
"probability.""",1
"""probability?",1
"""probability.",1
"one,",6
million-gallon,1
vat,1
custard,1
upended,1
warning.,1
"custard?""",1
"probability!""",1
"spaceship.""",1
first-,1
class,1
"compartment.""",1
bulges,1
space-time.,1
bulges.,1
"""haaaauuurrgghhh",1
softening,1
bending,1
unusual,1
"""southend",1
melting,1
swirling,1
dustbowl,1
sunset,1
arm's,1
"too.""",1
frightening,1
him:,1
"""hell,""",1
operate,1
wound,1
direction.,3
penguin.,1
seventy-five,1
"falling.""",2
waddled,1
pond,1
furious,1
circle.,1
quacked.,1
"""where",2
stopping,1
"""please",2
"relax,""",1
"pleasantly,",1
stewardess,1
airliner,1
wing,2
engines,3
"fire,",1
"safe.""",1
"point!""",1
raged,1
"penguin,",1
colleague,1
rapidly,2
"limbs!""",1
"alright,",3
"""admittedly,""",1
"anything,""",1
squawked,2
avian,1
"fury,",1
ought,2
"us?""",3
giant,1
petit,1
lolloped,1
"""welcome,""",3
"gold.""",1
"alarmed,""",1
"""by",1
initial,1
death,3
improbability,23
level,4
seventy-six,2
possibly,3
higher.,1
cruising,2
twenty-five,1
"falling,",1
restoring,1
normality,1
luminous,1
pink,4
cubicle.,1
excited.,2
"""arthur!""",1
fantastic!,1
we've,10
powered,1
infinite,10
drive!,2
incredible!,1
rumors,1
before!,1
officially,1
"denied,",1
it!,3
arthur?,1
"happening?""",1
jammed,1
"cubicle,",1
"closed,",1
fitting.,1
squeezing,1
"cracks,",1
inkstained;,1
voices,2
chattered,4
insanely.,1
monkeys,2
script,1
hamlet,1
method,1
vast,8
"second,",2
tedious,1
mucking,1
"chance,",1
developed,1
governable,1
propulsion,1
government's,1
"briefly,",2
discovery.,1
generating,1
amounts,1
finite,3
hooking,1
logic,2
circuits,7
bambleweeny,1
57,1
sub-,1
atomic,1
vector,1
plotter,1
suspended,2
strong,3
brownian,1
motion,2
producer,1
(say,1
tea),1
generators,1
ice,1
parties,1
molecules,1
hostess's,1
undergarments,1
leap,2
simultaneously,2
"left,",1
accordance,1
indeterminacy.,1
respectable,2
physicists,2
debasement,1
"science,",1
parties.,1
perpetual,2
failure,1
encountered,1
construct,1
machine,8
generate,1
needed,1
flip,2
mind-paralysing,1
grumpily,1
impossible.,1
student,2
unsuccessful,1
reasoning,2
way:,1
"if,",1
virtual,2
logically,1
improbability.,1
order,5
"is,",3
"generator,",1
tea,2
on!,1
create,2
sought,2
golden,2
generator,1
air.,4
awarded,1
institute's,1
prize,1
extreme,1
cleverness,1
lynched,2
rampaging,1
mob,2
smartass.,1
improbability-proof,1
conventional,3
new.,1
seats,1
wrapping,1
"white,",1
"oblong,",1
smallish,2
restaurant.,1
oblong:,1
raked,1
parallel,1
"curve,",1
angles,2
corners,1
contoured,1
excitingly,3
shapes.,1
deal,3
simpler,1
ordinary,1
three-dimensional,1
oblong,1
"rom,",1
designers,1
miserable.,1
"purposeful,",1
video,1
screens,6
ranged,3
guidance,5
panels,4
"wall,",1
banks,4
computers,5
convex,1
"humped,",1
gleaming,4
hanging,1
loosely,1
knees.,1
"new,",1
beautifully,2
parts,6
properly.,2
bearing,1
paced,1
"cabin,",1
brushing,1
giggling,1
excitement.,5
hunched,4
clump,1
figures.,3
tannoy,1
"""five",1
"""four",1
probability,4
factor,1
"normality,",1
repeat,1
"normality.""",1
microphone,1
continued:,2
"""anything",1
cope,2
problem.,1
relax.,1
"soon.""",1
annoyance:,1
"trillian?""",1
guys,6
"""section",1
zz9,1
plural,4
z,6
"alpha.""",2
"""yeah,",11
"trillian,""",1
"zaphod,",37
wise,1
circumstances?,1
"everything,",2
police,2
pick,4
"ok,",3
"style,",1
minus,6
"thinking,",1
"yeah?""",4
panel.,5
zaphod's,8
qualities,2
"dash,",1
"bravado,",1
conceit,1
mechanically,1
inept,1
easily,1
blow,2
extravagant,1
gesture.,1
significance,2
"""zaphod,""",3
unprotected,1
"such,",2
such?,2
"but?""",1
cocked,2
side.,1
"later.""",1
"dead.""",1
"away.""",3
"die?""",1
"""anyway,""",1
"trillian,",11
"controls,",1
mean?,2
"""huh?""",3
"itself.""",1
"""whilst",1
"drive.""",1
"incredible.""",1
zaphod.,45
"improbable.""",1
"yeah.""",2
"""look",3
"zaphod,""",3
"arm,",2
aliens.,1
expect.,2
bring,2
here.,2
hey,5
"marvin!""",1
"corner,",2
robot's,2
wobbled,1
imperceptibly.,1
pounds,2
heavier,2
observer,1
heroic,1
effort,2
room.,4
"depressed,""",1
hopeless.,1
muttered,12
"tone,",1
"""here's",3
occupy,1
"things.""",4
"work,""",1
droned,1
"marvin,",9
exceptionally,1
"""marvin!""",2
warned,2
trillian.,16
bay,2
aliens,3
"surveillance.""",1
microsecond,1
"pause,",2
finely,3
calculated,2
micromodulation,1
timbre,1
offence,1
marvin,21
convey,1
utter,2
contempt,1
firmly.,3
marvin.,10
"""she's",1
asking,4
"shouted,",2
tolling,1
"bell,",1
flat-topped,1
triangular,1
"i?""",4
pathetically.,1
"marvin,""",2
lilted,2
lilt,1
act,3
comes,4
naturally,4
"fine.""",1
"mind?""",1
probed,1
"life.""",3
"""marvin",1
look.,3
"""life,""",2
hopelessly,2
heel,1
lugged,1
satisfied,3
click,1
encyclopaedia,2
defines,3
mechanical,1
apparatus,1
marketing,4
division,4
sirius,8
cybernetics,7
corporation,6
"""your",2
pal,1
who's,2
"with.""",1
jerks,2
who'll,1
revolution,2
"comes,""",1
footnote,1
editors,2
welcome,1
applications,1
interested,1
post,1
robotics,1
correspondent.,1
fall,2
warp,1
future,4
defined,3
"came.""",1
cubicle,1
"existence,",1
dimension.,2
embarkation,1
area,3
smart.,1
brand,1
"new,""",1
"tell?""",1
"""have",3
exotic,4
measuring,2
age,1
"metal?""",1
sales,3
brochure,1
yours',1
stuff.,2
ah!,1
jabbed,2
showed,6
says:,1
sensational,2
breakthrough,1
physics.,1
reaches,3
passes,2
envy,1
governments.,1
"wow,",1
league,1
"stuff.""",2
hunted,1
excitedly,2
technical,1
specs,1
occasionally,2
astrotechnology,1
ahead,1
exile.,1
"while,",1
unable,5
majority,1
"wander,",1
trailing,1
invitingly,1
panel,2
"""listen,""",2
engrossed,1
"brochure,",1
cybernetics.,1
generation,2
robots,3
"computers,",1
gpp,1
"feature.""",1
"""gpp",1
"feature?""",1
genuine,2
"personalities.""",1
"""oh,""",4
"""sounds",1
"ghastly.""",1
hopeless,1
accompanied,1
clanking,1
abject,2
doorway.,2
"""ghastly,""",1
ghastly.,1
"door,""",3
stepping,1
irony,1
modulator,1
mimicked,3
brochure.,1
"""all",6
doors,1
cheerful,2
sunny,1
disposition.,1
"you,",7
"done.""",1
sigh-like,1
"""hummmmmmmyummmmmmm",1
"ah!""",1
regarded,2
loathing,1
tinkered,1
concept,1
directing,1
violence,1
"saying,",3
bother?,1
point?,3
amused,1
analysing,1
molecular,1
components,2
humanoids',1
cells.,1
hydrogen,1
emissions,1
surrounding,1
cubic,1
parsec,1
boredom.,1
despair,1
turned.,2
"droned,",1
ordered,1
"am,",1
satisfaction?,1
'cos,1
"don't.""",2
walked,8
hated,4
excuse,3
following,2
owns,3
"ship?""",3
"muttered,",2
intolerable,1
smugness,1
"generates.""",1
ingratiating,1
whine,1
slit,2
others,6
clicks,1
whirrs.,1
"corporation,""",1
trudged,3
desolately,1
stretched,2
"""let's",3
"personalities,""",1
me.,6
personality,3
prototype.,1
disclaimers.,1
hate,4
"robot,",2
"stolen.""",2
"""stolen?""",2
"by?""",1
"""zaphod",4
"beeblebrox.""",1
separate,2
distinct,2
expressions,1
amazement,1
piled,1
jumbled,1
mess.,1
"leg,",1
mid,1
"stride,",1
difficulty,4
finding,5
entangle,1
dartoid,1
muscles.,1
"""sorry,",2
"wrong?""",1
dragging,1
regardless.,1
"""pardon",1
"breathing,",1
anyway,2
bother,5
depressed.,1
self-satisfied,1
life!,1
mentioned,1
irritably.,1
"beeblebrox?""",1
loud,4
clatter,1
gunk,2
flooded,2
searched,1
wavebands,1
news,6
operate.,1
radios,1
pressing,1
dials;,1
technology,1
sophisticated,2
controls,4
touch-sensitive,1
merely,5
fingers;,1
general,1
direction,4
hope.,2
saved,3
muscular,1
expenditure,1
"course,",6
programme.,1
channel,2
switched,2
background,1
announcement.,1
edited,2
rhythms,1
music.,1
"band,",1
broadcasting,1
"clock,""",1
intelligent,8
everywhere,1
rocks,1
"together,",1
guys.,1
tonight,1
theft,1
prototype,1
question,18
everyone's,4
flipped?,1
invented,1
"blaster,",1
ex-confidence,1
"trickster,",1
described,3
gallumbits,1
voted,1
wort,1
dressed,5
sentinent,2
seventh,2
private,1
specialist,2
gag,1
halfrunt,1
dived,3
broke,3
presumably,5
halfrunt.,1
"""vell,",1
jist,1
zis,1
guy,3
"know?""",3
electric,3
pencil,3
flew,4
radio's,1
on/off,1
sensitive,2
airspace.,1
glared,4
pencil.,1
"for?""",3
tapping,1
screenful,1
"""yeah?",1
interrupting,1
bulletin,1
insecure.,1
ego,2
moment?,1
laughed.,2
"guys?""",2
"yeah,""",3
"""those",2
"guys.""",2
sector,2
zz,2
blinked.,1
"""does",4
"""mmmmm,""",1
"""zz",1
alpha.,1
"alpha?""",1
"one?""",2
"""any",2
"one.""",2
difficulties,1
relationship,3
learning,3
distinguish,1
outrageously,1
hide,2
stupid.,1
renowned,1
clever,2
act.,1
proffered,1
puzzled,1
contemptuous.,1
"stupid,",1
argue,1
map,1
visiscreen,1
wanting,1
"""there,""",1
"pointed,",1
"""right",1
"there.""",3
"""hey",6
"yeah!""",1
"what?""",5
"calmly,",1
originally,2
"in.""",4
wild.,1
zapped,1
middle,2
horsehead,3
nebula.,2
there?,1
"nowhere.""",1
"""improbability",3
"drive,""",1
patiently.,1
explained,6
pass,5
"universe,",4
"""picking",1
from?,2
"computer!""",3
shipboard,2
controlled,1
permeated,1
particle,2
mode.,2
"there!""",4
ribbon,1
ticker,3
tape,3
record.,1
there!,3
brash,1
cheery,1
detergent.,1
solve,2
"paper.""",1
"""sure",2
"thing,""",2
"computer,",13
spilling,1
waste,1
bin,1
understand.,1
snatching,1
console.,4
"""ok,",7
ok,1
hurt,1
pored,1
figures,6
flight,3
path,2
scanner,1
"out,""",1
"""from",1
view,4
rescue,1
"was?""",1
"constant"",",1
"against.""",2
high.,1
relative,3
tow-to-the,1
power-,1
of-infinity-minus-one,1
meaning,4
physics).,1
"low,""",1
quizzically.,1
whack,1
accounted,1
balance,1
"sum.""",1
scribbled,1
"sums,",1
"""bat's",1
"dots,",1
irritation,1
gritted,1
"""ok,""",2
"""computer!""",4
(ticker,1
"tape,",1
tape).,1
nicer,3
forecast,1
based,1
"data,",1
notion.,1
lives,4
governed,2
"numbers?""",1
"flipped?""",1
gasped.,1
"""telephone",1
"number?""",2
"politely,",1
wretched,2
robot.,1
monitor,2
"cameras?""",1
"corridor,",2
moaning.,1
diodes,1
"""no?""",1
grimly,1
"""really?""",1
replaced,1
"listens.""",1
"imagine.""",1
vague,3
whistling,3
"well,""",3
"stopped,",3
hand.,3
"course?""",1
"doors.""",1
corridor.,1
eyed,2
suspiciously.,1
impatiently.,1
"through?""",2
entrance,1
demand,10
intellectual,1
capacities,1
shouldn't,1
"wonder.""",1
"loathing,",1
hunter,1
stalking,1
prey.,1
"""for",3
"happy.""",1
marvin's,2
thorax,1
gears,1
"""funny,""",1
intoned,3
"funerally,",1
"does.""",1
shrugging,1
shoulders.,1
"rust,",1
"standing?""",1
"marvin?""",1
laughing.,1
"""shhh,""",2
chair,3
console,4
picking,1
teeth,3
right-hand,3
preoccupied,1
"task,",2
left-hand,1
"broad,",1
"relaxed,",1
nonchalant,1
large.,2
jaw,1
flapped,1
loose,1
while.,2
peculiar,3
lazy,1
appalling,3
affectation,1
nonchalance,1
"hi,",1
outcooled.,1
"drawled,",1
suits,1
goggled,1
"guy?""",1
"""know",1
"him!""",1
"""he's",1
"paused,",3
introductions,1
"mine,",1
"casually,",1
"""hi""",1
picked.,1
semi-cousin,2
beeb,1
"met,""",1
sharply.,5
lane,1
change,2
fourth,1
engine,1
bonnet,1
"mess,",2
tends,2
stride,1
remark,2
his.,1
"""err",1
"met.""",2
awkward,4
surprise,1
gum,1
we?,2
rounded,1
flash,3
resent,1
lumbered,1
ignorant,1
ilford-based,1
peking.,1
"met?""",1
demanded.,2
martin,1
smith,1
"croydon.""",1
"care,""",1
coldly.,1
"met,",1
"phil?""",1
"""what!""",2
remind,1
"species.""",1
"party,""",3
"""cool",1
"arthur!""",1
demanded,5
deterred.,1
ago.,1
tight-lipped,1
"""london,""",1
"""islington.""",1
guilty,1
"start,",1
"party.""",1
"not,""",3
breezily.,1
"years!""",1
"""looking",1
gatecrashed,1
persisted,2
trembling,1
"anger,",1
fancy,1
"""was",2
smoke,3
sulking,2
"planet,""",6
"lady?""",1
somebody.,1
evening.,1
"hell,",2
"beautiful,",1
"charming,",2
devastatingly,1
"intelligent,",2
plying,1
yours,2
barges,1
"doll,",1
boring,1
instead?,1
"planet.""",1
"again.""",2
"""zaphod?""",1
glaring,1
foolish.,1
"phil,",1
admit,2
wandering,1
sight,3
ton,1
"seconds,",3
mess,2
words.,1
"""tricia",1
"mcmillian?""",1
"""same",1
lift.,1
degree,1
maths,1
astrophysics,1
do?,1
dole,1
"monday.""",1
"""infinity",1
"one,""",3
sum,1
"complete.""",1
"""trillian,""",1
"drive?""",2
"probably,",1
"afraid,""",1
fled,1
photon,2
drive.,1
crew,8
knowing,3
volition,1
physics,1
relationships,2
susceptible,1
molecules.,1
artificial,2
grateful,1
retire,1
cabins,1
rationalize,1
thoughts.,1
sleep.,5
couch,1
cage,4
contained,1
links,1
mice,16
bring.,1
expected,1
disturbed,3
negative,1
reaction,1
destruction.,2
unreal,1
scurrying,1
treadwheels,1
charted,1
nagging,2
re-awakened,1
conform,1
see.,1
excited,4
imprisonment,1
"over,",2
promised,1
faintly,2
frankly,2
"astonishing,",1
manner,2
post.,1
all:,1
unfathomably,1
attacked,2
genius,1
naive,1
incompetence,1
which.,1
slept:,1
tired.,1
tap,1
"for.""",2
keyboard.,1
compose,1
vitriolic,1
robe,1
instruments.,2
"""see?",1
"orbit,""",1
saying.,1
coordinates,2
"predicted.""",1
hissed.,1
"this.""",1
series,3
recognize,2
"coordinates?""",1
"""no.""",7
clue.,1
"gang!""",1
enthused,2
computer.,8
sociable,1
"screens.""",1
sank.,1
pinpoints,1
consoles,2
pairs,1
external,2
screens.,2
"""recognize",2
"see?""",1
"""nothing.""",2
"cloud.""",1
blank,1
"screen?""",1
"""inside",1
nebula,2
"screen.""",1
"something,",2
childishly,1
"terrific,",1
"much!""",1
"cloud?""",1
stars?,1
"planets?""",1
"""rotate",1
angle,2
vision,1
one-,1
eighty,1
degrees,4
"happening,",1
brightness,1
glowed,1
plate,1
crept,5
binary,2
sliced,1
glare,2
shading,1
"black,",1
thumping,1
"existed.""",1
(excerpt,1
"634784,",1
section,6
"5a,",1
entry:,1
magrathea),1
mists,2
days,3
former,2
"empire,",1
"wild,",1
tax,3
free.,1
starships,1
plied,1
"suns,",1
seeking,1
adventure,1
reward,1
amongst,2
spirits,1
"brave,",1
stakes,1
"high,",1
women,3
"women,",1
centauri.,1
dared,1
unknown,1
"terrors,",1
"deeds,",1
boldly,1
infinitives,1
empire,3
forged.,1
extremely,3
"rich,",1
ashamed,1
speaking,1
richest,3
merchants,1
inevitably,2
"niggly,",1
imagine,1
fault,1
worlds,1
satisfactory:,1
climate,1
"afternoon,",1
pink.,1
created,2
conditions,2
industry:,1
custom-made,2
luxury,2
building.,1
industry,1
"magrathea,",2
sucked,1
holes,1
"planets,",2
platinum,1
earthquakes,1
lovingly,1
exacting,1
standards,1
venture,1
magrathea,15
reduced,1
poverty.,1
"collapsed,",2
sullen,1
"worlds,",1
pen,1
scratchings,1
scholars,1
laboured,1
smug,1
treaties,1
planned,1
economy.,1
disappeared,4
obscurity,1
legend.,1
enlightened,2
believes,2
awoke,1
"crazy,",2
"""magrathea",2
"myth,",1
fairy,1
"story,",1
grow,2
"economists,",1
currently,5
orbit,4
"around,""",2
personally,1
eddie,6
"guys,",2
bundle,1
kicks,1
programme,4
inquiringly,1
motioned,2
"""computer,""",1
trajectory,2
"feller,""",1
"burbled,",1
altitude,1
legendary,2
"magrathea.""",2
"""proving",1
"weight.""",1
punching,1
tickertape.,1
problems,7
decimal,1
places,1
"help.""",1
interrupted.,1
swinging,1
daylight,1
"adding,",1
"""whatever",2
turns,1
"be.""",1
that?,1
predicted,1
"anyone,",1
dawn's,1
"ok,""",3
featureless,1
mass,1
"silence,",2
fidgety,1
traversing,1
restore,1
occasion,1
magrathea!,2
piqued,1
sceptical,1
"seconds,""",1
seasoned,1
tramp,1
shiver,1
spectacular,1
drama,1
sunrise,2
stabbed,1
blinding,1
sideways,1
"blade,",1
"visible,",2
furnaces,1
searing,1
horizon,2
fire.,1
fierce,1
shafts,1
streaked,2
atmosphere,6
dawn,2
"!""",2
twin,1
soulianis,1
rahm,1
"whatever,""",1
quietly.,5
"""soulianis",1
"rahm!""",1
blazed,1
ghostly,1
bridge:,1
ironically,1
humans,2
gazed,4
spectacle,1
burnt,3
irritated,1
impose,1
ludicrous,1
fantasy,1
scene,3
nonsense,1
juvenile.,1
fairies,1
too?,1
edged,1
whispered.,2
"""apparently",1
legend,1
atlantis,1
legends,1
magratheans,2
manufacture,1
"planets.""",1
missing,1
"spaceship?""",1
unfolding,1
orbital,1
pyrotechnics,1
bleak,1
forbidding,1
common,1
"grey,",2
contoured.,1
crypt.,1
promising,1
appear,1
"ravines,",1
"mountains,",1
cities,1
approached,3
lines,1
soften,1
blur,3
anonymity,1
transpire.,1
blurred,1
movement,4
stagnant,1
century,2
upon,4
century.,1
"clearly,",1
old.,2
grey,3
landscape,3
immensity,1
presence.,1
supposing,4
"is,""",1
"isn't,""",1
"surface,""",1
"""alright,",2
industrial,1
archaeology,1
"after?""",1
"at,",3
"airily,",1
"curiosity,",1
"adventure,",1
fame,1
faintest,1
shivering.,1
"notice,""",1
wealth,2
stored,2
afford,2
"frumpy.""",1
"bullshit,",1
civilization,3
"dust,",1
exceedingly,1
"things,",1
treasures,1
suspense,2
killing,1
testily.,1
stress,1
tension,2
exacerbated,1
facts,1
revealed,3
advance.,1
magrathea.,5
deadly,2
missile,1
attack,4
shortly,3
launched,1
automatic,2
defence,4
result,4
breakage,1
"micecage,",1
bruising,1
upper,3
untimely,1
demise,1
bowl,5
petunias,4
innocent,2
sperm,3
whale.,1
mystery,1
"preserved,",1
revelation,1
concerning,1
sustained,3
bruise.,1
safely,1
whatsoever.,2
shaky,1
reassemble,1
shellshocked,1
fragments,2
previous,1
nutri-matic,2
provided,1
"almost,",2
"quite,",2
functioned,1
interesting.,1
instant,3
detailed,1
examination,2
subject's,3
taste,2
"buds,",1
spectroscopic,1
analysis,1
metabolism,1
experimental,1
neural,1
pathways,1
well.,1
cupful,1
manufactured,1
complaints,1
covers,1
masses,1
tau,1
drank,1
reviving.,1
barren,3
greyness,1
slide,2
past.,1
"safe?""",1
"""magrathea's",1
"years,""",2
"""of",4
ghosts,1
families,2
thrilled,1
fanfare;,1
"hollow,",2
"reedy,",1
insubstantial,1
preceded,1
reedy,1
insubstantial.,1
"""greetings",1
five-million-year-old,1
broadcast,1
"us.""",2
what?,3
"recording?""",1
carrying,1
"courteous,",1
underscored,1
unmistakable,1
menace.,1
recorded,3
"announcement,""",1
commercial,1
esteemed,1
visit,2
"(""a",1
"magrathea!""",1
ford.),1
"regrets,""",1
"contacted,",1
kindly,2
"tone.""",1
"followed,",1
rid,1
"us,""",4
"recording,""",1
"computer?""",2
waited.,5
fanfare,2
assure,2
resumed,1
announcements,1
fashionable,2
magazines,1
"supplements,",1
clients,3
select,1
contemporary,1
"geography.""",1
menace,1
sharper,1
edge.,1
"""meanwhile",1
leave.,1
companions.,1
we'd,5
suggested.,1
"""shhh!""",1
"about.""",1
"tense?""",1
"interested!""",1
"""computer,",2
descent,1
"landing.""",1
"perfunctory,",1
distinctly,2
cold.,2
"gratifying,""",1
enthusiasm,1
continues,1
"unabated,",1
guided,1
missiles,7
converging,2
enthusiastic,2
"clients,",1
armed,3
nuclear,2
warheads,1
courtesy,1
detail.,1
custom,1
heads?,1
millions,3
apply,1
"us,",3
"""what,""",1
"missiles?""",2
"""missiles?",1
"laugh.""",1
rear,1
darts,1
magnification,1
focus,2
rockets,1
thundering,1
suddenness,1
shocking.,1
applying,1
"terrific!""",1
"""someone",1
kill,2
"us!""",4
"""terrific,""",1
"means?""",1
"""apart",1
"something!""",1
image,3
larger.,1
homing,1
"warheads,",1
"cool,""",1
"all?""",1
evasive,2
"action!""",1
access,1
action,1
"take?""",1
"afraid,",1
jamming,1
"system,""",2
"brightly,",1
"""impact",3
forty-five,1
"relax.""",1
decisive,1
directions,1
simultaneously.,4
"""right!""",2
manual,2
"ship.""",1
fly,2
"her?""",1
pleasantly.,1
"""trillian,",1
relaxing.,1
"together.""",2
"either,""",1
assert,1
guessed,2
"""ok",3
desk,3
showering,1
expanded,1
polystyrene,1
packaging,1
balls,1
rolled-up,1
cellophane:,1
"ford,""",1
"""full",1
retro,1
thrust,1
starboard.,1
luck,1
chirped,1
immediate,1
those.,1
rocked,1
jets,1
push,1
released,1
arc,2
headed,5
"come,",2
oncoming,1
missiles.,1
cushions,1
ballooned,1
inertial,1
flattened,3
squirming,2
"breath,",2
move.,1
desperation,1
savage,1
lever,2
sharply,4
rocketed,2
hurled,3
combined,1
ways,1
smuggling,1
antarean,2
parakeet,2
glands,1
antares,1
gland,1
revolting,1
cocktail,1
delicacy,1
sums,1
idiots,1
impress,1
"idiots),",1
stone.,1
bruise,1
emphasized,1
"because,",1
"revealed,",1
otherwise,2
unharmed,1
safety,1
assured.,1
"on!""",1
"thing,",2
dive,1
sing.,1
storm,2
whined,1
"nasally,",1
"""hold",2
din,1
assumed,2
"dark!""",1
wailed.,1
flattening,1
upside,1
systems.,1
crooned,1
eddie.,4
corrected,1
paths,1
erratically,1
weaving,2
songs,1
fellas,1
wind,3
screeching,1
pursuit.,1
definitely,3
"""walk",2
rain,1
"crazy?""",2
"""without",1
proper,1
programming,1
"happen.""",1
"stage?""",1
"""though",4
dreams,2
blown,2
moulded,2
contouring,1
bless,1
ne,1
ver,1
"alone!""",1
mid-mangling,1
explosion,2
normally,1
fetchingly,1
redesigned,1
interior.,1
somewhat,2
"larger,",1
delicate,2
pastel,1
shades,2
blue.,1
centre,3
"staircase,",2
spray,1
ferns,1
flowers,1
stone,1
sundial,1
pedestal,1
housed,1
terminal.,1
cunningly,1
deployed,2
lighting,2
mirrors,3
illusion,1
conservatory,2
overlooking,1
exquisitely,1
manicured,1
garden.,1
periphery,1
marble-topped,1
tables,4
intricately,1
wrought-iron,1
legs.,1
marble,1
touched,3
materialized,1
correct,1
data,6
"readouts,",1
from.,1
sensationally,1
wickerwork,1
"chair,",1
"happened?""",3
"saying,""",1
lounging,1
"pool,",1
potted,1
plant,1
chilled,1
"""exactly",1
"were,",1
blighted,3
scooted,1
astounding,1
mirrors.,1
"appear,""",1
"doubtfully,",1
whale,6
"factor,""",1
"eddie,",2
changed,1
twenty-eight,1
"earthman?""",2
activating,1
proofing,1
kid,2
"lives,",2
then.,2
"land.""",1
forgotten,1
tenable,1
position,2
"whale,",1
identity,1
ah,1
!,1
happening?,1
i?,5
hello?,1
here?,1
calm,1
oh!,1
"sensation,",1
"yawning,",1
tingling,1
names,2
headway,1
shall,10
let's,3
stomach.,1
"ooooh,",1
strong.,1
"hey,",3
roaring,1
head?,1
wind!,1
name?,1
it'll,2
certainly,2
hey!,3
thing?,1
tail,1
"yeah,",2
tail.,1
thrash,1
wow!,3
feels,1
great!,1
achieve,1
coherent,1
yet?,1
"exciting,",1
"to,",3
dizzy,1
anticipation,1
hspace{1cm},1
wind?,1
fast?,1
"round,",1
ow,1
ound,1
ground!,2
me?,1
"rest,",1
"thud,",1
speculated,1
distaste,1
posture,1
palm,2
tree.,1
presented,1
pa-no-ra-mic,1
landed.,1
paranoid,1
"android,""",1
manically,3
depressed,4
"robot?""",1
"problems,""",1
addressing,3
"coffin,",1
robot?,1
answer.,5
headache,1
"level.""",1
"escaped!""",1
concern,1
"""nuts",1
"mice,""",1
commanded,1
greater,2
independent,1
observers),1
second.,1
"boys.""",1
"familiar,",1
different.,1
matriarchal,1
twang.,1
puzzlement.,1
"computer,""",2
emergency,1
back-up,2
"better.""",1
eddie's,1
"warm,",1
playing,1
naughty,1
"monsters.""",1
impatiently,3
hatch.,1
"rule.""",1
exit,2
angry.,1
whoever,2
synapses,2
closed.,1
bulkhead,1
count,2
ten.,1
counting,2
demonstrate,1
independence,1
computers.,2
sternly.,2
"""computer",2
"waiting,""",1
necessary,1
competing,1
"ground,",2
zap,1
reprogram,1
"axe,",1
"shocked,",1
aggressive,1
blood,4
"at,""",1
opened.,1
icy,1
ripped,1
ramp,1
"""it'll",1
"tears,",1
response,1
command,1
dullish,2
"brown,",1
dried-out,1
"marsh,",1
vegetation,1
covered,2
layer,1
thick.,1
stalked,2
stung,2
"ears,",1
stale,1
clasped,1
fantastic,2
rattled,1
atmosphere.,1
"""desolate",1
"litter.""",1
mounting,1
systems,1
dump,2
castaway?,1
evidence.,2
stooped,1
clot,1
"understand,",1
...!,1
"though.""",2
"herself,",1
shivered,3
sworn,1
"eye,",1
"silent,",2
yards,6
ridge,2
join,1
"excited,",1
thinnish,1
wind.,1
higher,1
crater,3
wide.,1
sloping,1
spattered,1
lumps.,1
piece.,1
wet.,1
rubbery.,1
whalemeat.,1
crater's,1
lip,1
crater.,7
carcass,1
lonely,2
disappointed,1
lot.,2
involuntary,1
trillian's,1
bury,1
murmured,1
hadn't.,1
"""come,""",3
severe,1
distaste.,1
"""something",2
hesitated.,1
"""in?""",1
horror.,3
planet!,1
underground,1
passage.,1
force,1
whale's,2
go.,1
trod,1
ironical,1
shudders,1
incline,1
"crater,",2
creator.,1
"dolefully,",1
"""loathe",1
caved,1
revealing,1
network,1
galleries,1
"passages,",1
obstructed,1
collapsed,2
entrails.,1
clearing,1
wafted,1
"recesses,",1
torch,2
visible,1
gloom.,2
"""according",1
"legends,""",1
"underground.""",1
polluted,1
"overpopulated?""",1
"much.""",1
peering,1
"kid,",1
promise,1
live,3
population,1
nil,1
plus,1
"""arthur,""",1
passageway.,1
"""guard?""",1
"safety,",1
"""whose?",1
"mine?""",1
lad.,1
"passage,",1
"time,""",3
assured,1
"will.""",1
view.,1
stamped,1
"huff,",1
graveyard,1
stamp,1
balefully,1
marched,2
"passageway,",1
striding,1
purposefully.,1
tiles,2
"touch,",1
decay.,1
"""there,",1
"""an",6
inhabited,3
"magrathea,""",1
strode,1
dirt,1
debris,2
littered,1
tile,1
reminded,1
unavoidably,1
"underground,",1
squalid.,1
intervals,1
mosaics,1
angular,1
colours.,1
studied,1
interpret,1
symbols,2
"are?""",1
"kind,""",1
glancing,1
hurried,3
>from,2
doorway,1
chambers,1
derelict,1
equipment.,1
followed.,1
"atlas,",1
"sure.""",1
"""research.",1
archives.,1
detective,1
work.,1
guesses.,1
"easy.""",1
stole,2
"with?""",1
"things?""",1
"not?""",2
ruled,1
"yet,""",1
current,2
conditions.,1
worry.,1
"""listen",1
"friend,",1
eventually.,1
freewheel,1
"and,",3
"not,",1
"happens,",1
easy.,1
decide,3
happens.,1
galacticredit,1
card,1
keeps,2
cheques.,1
whenever,1
something?,1
desire,1
worrying,1
using,1
ideas,2
"purpose,",1
check.,1
medical,3
plugged,2
encephelographic,1
screening,3
test,1
tests,2
officers,1
nomination,1
ratified.,1
"clever,",1
"imaginative,",1
"irresponsible,",1
"untrustworthy,",1
"extrovert,",1
guessed.,2
anomalies.,1
inventing,1
"tests,",2
random.,2
superimposing,1
results,3
"silly,",1
paranoia.,2
packed,1
superimposed,1
filter.,1
superstitious,1
kid?,1
pilot,1
"scouts?""",1
nodded.,1
"was,""",1
"""clear",1
related,2
bastard,2
cauterized,2
electronically,1
traumatised,1
"cerebellum.""",1
aghast.,2
white.,1
"""somebody",1
who?,1
guess.,2
"was.""",2
know?,1
initials,1
synapses.,1
"see.""",4
begin,5
crawl.,1
"""initials?",1
"brain?""",1
"they,",1
"sake?""",1
"""z.b.,""",1
shutter,1
chamber.,1
"later,""",1
moodily.,1
thoughtfully,1
unevenly,1
passages,1
across),1
supposedly,1
relates,1
experiences,1
veet,2
"voojagig,",1
"maximegalon,",1
academic,1
studying,1
"philology,",1
transformational,1
ethics,1
harmonic,1
historical,1
"perception,",1
obsessed,1
biros,2
period,1
painstaking,1
visited,1
biro,4
loss,1
quaint,1
"cosmos,",1
"humanoids,",1
"reptiloids,",1
"fishoids,",1
walking,1
treeoids,1
superintelligent,1
"blue,",1
unattended,1
"way,",2
wormholes,1
uniquely,1
biroid,1
"lifestyle,",1
responding,1
biro-oriented,1
"stimuli,",1
life.,4
theories,2
fine,2
voojagig,2
claimed,3
limousine,1
family,1
cheap,1
"retractables,",1
whereupon,1
wrote,1
"exile,",1
usual,1
fate,2
reserved,1
determined,1
fool,1
public.,1
expedition,1
spatial,1
asteroid,1
solitary,1
repeatedly,1
"true,",1
lying.,1
"did,",1
remain,1
mysterious,2
"60,000",1
yearly,1
brantisvogan,1
"account,",1
profitable,1
second-hand,1
inert.,1
magnificently,1
nobody.,1
"""night's",1
"faintly,",1
seen.,2
obediently,1
"""wretched",1
sunset!,1
wildest,2
suns!,1
boiling,1
"rubbish.""",1
"home,""",1
persevered,1
"awful.""",1
"place.""",1
"oceans?""",1
"sigh,",1
oceans,1
"""can't",1
"oceans,""",1
inquired,3
"robots?""",1
"""hate",1
"going?""",1
"walk,""",1
blame,1
counted,1
ninety-seven,1
sheep,1
asleep,2
circulation,1
"moon,",1
nightfall,1
rapid,1
dark.,2
practically,2
glimmers,1
horizon.,1
"tallish,",1
elderly,1
robe.,1
"distinguished,",1
careworn,1
"unkind,",1
"yet,",3
yelp,1
"completely,",1
illuminated,2
"somewhere,",1
"hovercraft,",1
shed,1
dim,2
pool,1
sadly,2
seemed.,1
"important,""",2
rush,1
awkward.,1
lamely.,1
eyebrows.,1
"""hmmmm?""",1
"alarmed,",1
harm,1
us!,1
chuckled,1
sigh.,1
"""ancient",2
bowels,2
tick,1
"millennia,",1
ages,1
banks.,2
pot,2
relieve,1
"monotony.""",1
gravely,1
science,2
"really?""",1
man's,4
"curious,",1
disconcerting.,1
felling,1
adultery,1
woman's,1
husband,1
wanders,1
changes,1
"trousers,",1
idle,1
remarks,1
leaves,1
"ease,""",1
polite,1
concern.,1
yes.,1
expecting,1
fact.,2
"""dead?""",1
gracious,1
"slept.""",1
"""slept?""",1
incredulously.,1
economic,2
recession,2
apparently,6
unconcerned,1
not.,1
"recession?""",1
economy,2
commodity,1
solemnly.,1
"""fascinating",1
"trade,""",1
wistful,2
"eyes,",2
"""doing",1
coastlines,1
favourite.,1
endless,1
fjords,4
"anyway,""",1
thread,1
slept,1
programmed,2
revive,2
"over.""",1
stifled,1
yawn,1
index,1
linked,2
stock,1
prices,1
revived,2
everybody,2
rebuilt,1
expensive,1
"services.""",1
regular,1
guardian,1
"reader,",1
shocked,1
behave,1
mildly.,4
"touch.""",1
"yours?""",1
metallic,1
"mine.""",1
"robot,""",1
"machine.""",1
"""bring",1
slope,1
"lame,",1
wasn't.,1
"thoughts,""",1
"""leave",1
"afoot.""",1
"which,",1
"given,",1
laboriously,1
trudging,1
sour,1
nothings,1
"late.""",1
"""late?""",1
"name,",3
"human?""",1
"""dent.",1
"""late,",1
"dentarthurdent,""",1
tired,1
"myself,",1
"person,""",1
"nothing,",1
embarrassment.,1
"go?""",1
"aircar,""",1
motioning,1
race,5
five-million-year,1
slumber.,1
"awakes.""",1
seated,2
strangeness,1
unsettled,1
glow,4
instrument,2
"way?""",1
"name?""",1
"name,""",2
"slartibartfast.""",1
choked.,1
spluttered.,1
"""slartibartfast,""",1
repeated,1
"""slartibartfast?""",1
gravely.,1
aircar,11
sailed,3
night.,2
seem.,1
dolphins,4
achieved,2
"wheel,",1
"york,",1
muck,1
"conversely,",1
precisely,2
reasons.,1
impending,1
alert,1
mankind,1
danger;,1
communications,1
misinterpreted,3
amusing,1
punch,1
footballs,1
whistle,1
"tidbits,",1
dolphin,1
surprisingly,1
double-backwards-,1
somersault,1
hoop,1
"""star",1
sprangled,1
"banner"",",1
"dolphins,",1
behavioural,2
laboratories,1
wheels,1
conducting,1
frighteningly,1
experiments,2
according,2
creatures',1
plans.,1
"darkness,",1
magrathean,3
swiftly.,1
companion,1
"thoughts,",1
occasions,1
engage,1
comfortable,1
that.,4
gauge,1
speed,7
"travelling,",1
absolute,1
denied,1
reference,1
points.,1
travelling,3
colossal,2
"speed,",1
peered,2
discern,1
"shape,",1
aircraft,1
dipped,1
downwards,1
collision,1
velocity,2
"unbelievable,",1
draw,2
breath,4
insane,2
surround,1
dwindling,1
tunnel,2
stationary,1
tunnel.,1
"shooting,",1
terror.,1
"judge,",1
sensed,1
subsidence,1
gradually,1
gliding,2
gentle,1
"tunnel,",1
threading,1
crisscross,1
warren,1
tunnels.,1
steel.,1
tunnels,2
terminus,1
farther,1
circle,2
tricks,1
(quite,1
wrongly),1
ultra,2
violet.,1
slartibartfast,11
solemn,1
"""earthman,""",2
"gently,",1
"least,""",1
"""clearer",1
"moment.""",1
warn,2
literally,1
gateway,3
tract,1
disturb,1
reassuringly.,1
scares,1
willies,1
"tight.""",1
car,2
infinity,7
like.,1
uninteresting.,1
meaningless.,1
emerged,2
"infinite,",1
"big,",2
"span,",1
"as,",1
"attained,",1
climbed,1
invisible,2
pinprick,1
shimmering,1
defied,1
seduced,1
defeated,1
paralysingly,1
"top,",2
sides,1
sight.,1
vertigo,1
flat.,1
finest,2
laser,1
detect,1
"infinity,",1
dizzily,1
planed,1
"side,",1
curved.,1
thirteen,1
hollow,2
"sphere,",1
sphere,2
unimaginable,1
speck,1
"aircar,",1
imperceptibly,1
mindboggling,1
factory,1
"floor.""",1
neither,1
judge,1
guess,2
"suspensions,",1
traceries,1
shadowy,1
spherical,1
"""this,""",1
"slartibartfast,",7
"words,",2
starting,1
heavens,1
support,1
awakened,1
commission,1
structures,1
betrayed,1
activity,1
arced,1
stark,1
relief,1
"knew,",1
blobby,1
familiar,1
furniture,1
stunned,1
images,1
rushed,2
settle,1
represented,1
sensibly,1
countenance,1
abdicated,1
responsibility,1
doubt.,1
mark,2
cheery.,1
"blueprints.""",1
pause.,2
"control,",1
slartibartfast.,2
"norway?""",1
"didn't.""",1
"""pity,""",2
mine.,1
won,1
award,2
lovely,2
edges.,1
"destruction.""",1
"upset!""",1
mattered,1
shocking,1
"cock-up.""",1
"furious.""",1
"furious?""",1
dogs,1
cats,1
duckbilled,1
"platypuses,",1
"they?""",1
mad,2
patiently,1
"""earthman,",1
"commissioned,",1
mice.,3
destroyed,3
completion,1
"built,",1
"""mice?""",1
"""indeed",1
"earthman.""",1
sorry,1
cheese,2
fixation,1
sixties,2
"coms?""",1
coughed,2
politely.,2
follow,1
mode,1
speech.,1
coms,1
"mice,",1
appear.,1
protrusion,1
hyperintelligent,3
pan-,2
dimensional,3
beings.,3
squeaking,1
"front.""",1
sympathetic,1
frown,1
"afraid.""",1
cleared.,1
misunderstanding,1
"research,",2
pavlov,1
sorts,2
ring,1
"bells,",1
mazes,1
examined.,1
observations,1
behaviour,1
learn,2
tailed,1
"""such",1
subtlety,1
"""one",2
admire,1
disguise,1
"natures,",1
thinking.,2
maze,1
eating,1
"cheese,",1
unexpectedly,2
dropping,1
"myxomatosis,",1
"enormous.""",1
effect.,1
"earthman,",1
pan-dimensional,2
organic,4
ten-,1
million-year,1
"""time,""",1
connected,2
"life,",8
born?,1
die?,1
watches?,1
(whose,1
manifestation,1
dissimilar,1
own),1
constant,1
bickering,1
interrupt,1
pastime,1
brockian,1
cricket,1
hitting,1
readily,1
away),1
stupendous,1
super,1
rice,1
pudding,1
income,1
city.,1
installed,1
specially,1
executive,2
"office,",1
mounted,2
ultramahagony,2
topped,1
ultrared,1
leather.,1
carpeting,1
discreetly,2
"sumptuous,",1
plants,1
tastefully,1
engraved,1
prints,1
principal,1
programmers,3
liberally,1
stately,2
tree-lined,1
square.,1
on-turning,1
soberly,1
brief,3
cases,2
shown,1
office.,1
represent,1
conducted,1
calmly,1
"desk,",1
leather-bound,1
notebooks.,1
lunkwill,7
fook.,4
respectful,1
exchanging,1
glance,1
"fook,",2
leaned,3
subtlest,1
hums,1
indicated,1
active,1
pause,2
spoke,2
resonant,1
deep.,1
task,2
"i,",1
"existence?""",1
fook,8
"minute,",1
"right,""",1
"lunkwill,",2
best.,1
addressed,1
"greatest,""",1
"am.""",2
programmers.,2
"mistake,""",1
milliard,2
gargantubrain,1
"millisecond?""",1
"gargantubrain?""",1
unconcealed,1
contempt.,1
abacus,1
"not.""",1
leaning,1
anxiously,1
"forward,",1
analyst,1
googleplex,1
thinker,1
ingenuity,1
calculate,3
five-week,2
dangrabad,1
beta,1
"blizzard?""",2
haughtily.,1
contemplated,1
vectors,1
itself?,1
molest,1
pocket,2
calculator,1
fiendish,1
disputant,1
hyperlobic,2
omni-cognate,2
neutron,2
wrangler,1
ciceronicus,1
"12,",1
magic,1
"indefatigable?""",1
"wrangler,""",1
"r's,",1
megadonkey,1
persuade,1
"afterwards.""",1
"what,""",1
"problem?""",2
magnificent,1
tones.,2
"second?""",1
lunkwill.,5
second?,1
surely,2
multicorticoid,1
perspicutron,1
titan,1
muller,1
pondermatic?,1
contemptuous,1
computer's,1
spare,1
unit,1
cybernetic,1
"simpletons!""",1
losing,1
patience.,1
needlessly,1
"messianic.""",1
teeming,1
circuitry,1
navigate,2
streams,1
operational,3
parameters,2
worthy,2
"calculate,",1
"design.""",1
"question?""",4
wait.,1
"speak?""",1
"""now.",1
function.,1
"speak.""",2
composed,3
"""o",2
"answer!""",2
"answer?""",3
"""life!""",1
"universe!""",1
"""everything!""",1
chorus.,2
reflection.,1
"""tricky,""",2
finally.,1
significant,2
breathless,1
"excitement.""",1
"""life,",1
everything.,1
"but,""",1
commotion,1
moment:,1
coarse,1
faded-blue,1
robes,1
cruxwan,1
thrusting,1
ineffectual,1
flunkies,1
"admission!""",1
younger,3
elbowing,1
secretary,1
older,2
junior,1
programmer,1
angrily,1
"want?""",1
"majikthise!""",1
"vroomfondel!""",2
majikthise,2
vroomfondel.,2
"angrily,",1
"""alright!""",1
vroomfondel,5
banging,1
desk.,1
"vroomfondel,",4
"demand,",1
solid,10
fact!,1
"facts!""",1
"demand!""",1
scarcely,1
pausing,2
facts!,1
absence,1
facts.,1
devil,1
outraged,1
"""we,""",1
"majikthise,",5
"philosophers.""",1
warning,1
majikthise.,2
representatives,1
amalgamated,1
"philosophers,",1
"sages,",1
luminaries,1
"persons,",1
"mate,""",1
"""demarcation,",1
"problem!""",2
"demand,""",1
demarcation,1
adding,1
eternal,1
verities,1
check,1
legal,1
mate.,1
law,1
quest,1
inalienable,1
prerogative,1
thinkers.,1
finds,1
bleeding,1
"morning?""",1
"right!""",2
rigidly,1
areas,1
"uncertainty!""",1
stentorian,1
boomed,1
"""might",1
"point?""",1
"strike!""",1
national,1
philosopher's,1
strike,1
"hands!""",1
increased,1
ancillary,1
bass,1
"units,",1
sedately,1
varnished,1
speakers,1
thought's,1
"say,""",1
irrevocably,1
committed,2
calculating,1
"-""",1
"attention,",1
continuing,1
"run.""",1
watch.,1
"""seven",3
"...!""",7
declaimed,1
occurs,1
publicity,1
philosophy,1
general.,1
capitalize,1
media,1
yourself?,1
disagreeing,1
slagging,1
"press,",1
gravy,1
train,1
philosophers,1
gaped,3
"""bloody",1
"hell,""",1
"""dunno,""",3
awed,1
"""think",1
trained,2
"majikthise.""",1
heels,1
lifestyle,4
dreams.,1
"salutary,""",1
salient,1
"earthman,""",3
"later,",2
"answer,",3
study,3
events,1
sens-o-tape,1
records.,1
stroll,1
completed,1
burying,1
dinosaur,1
skeletons,1
crust,1
tertiary,1
quarternary,1
periods,1
cenozoic,1
era,1
"same.""",1
mind-numbing,1
slartibartfast's,1
library.,1
"""terribly",1
"unfortunate,""",1
diode,1
life-support,2
cleaning,1
"bodies,",1
plug,1
gestured,1
rib,2
stegosaurus.,1
"stegosaurus,""",1
pottered,1
fishing,1
wire,2
tottering,1
drawing,1
"""here,""",1
"these,""",1
stripped,1
bird,1
mid-air,1
treelined,1
"square,",1
eye,3
concrete,1
airy,1
design,6
wear,1
stained,1
"shining,",1
breeze,2
"trees,",1
thronged,1
band,1
"playing,",1
flags,1
fluttering,1
carnival,1
rang,1
dais,2
dominated,1
tannoy.,1
waiting,7
"thought!""",1
"""honoured",1
descendants,1
pundits,1
"over!""",1
cheers,1
"flags,",1
streamers,1
wolf,1
whistles,1
narrower,1
centipedes,1
frantically,1
hopefully,1
enlightening,1
"day!""",1
cheer,1
leader.,1
hurrahs,1
ecstatic,1
"""never",2
"again,""",1
"really,",1
cosmically,1
work?,1
plain,1
"everything!""",3
erupted,1
speaker,1
touching,1
remarked,1
"arrival,",1
surprising,1
projection,1
six-track,1
seventy-millimetre,1
hat.,1
cleaned,1
regularly,1
worn,1
"edges,",1
carpet,1
faded,1
terminal,3
sparkling,1
glory,1
desk's,1
severely,1
respectfully,1
materialize,1
"loonquawl,",2
assimilate,1
phouchg,5
"""seventy-five",1
"ago,",1
ancestors,1
program,3
"motion,""",1
awesome,1
"prospect,",1
"phouchg,""",1
recording,2
subtitles.,1
"hear,""",1
"phouchg,",1
loonquawl.,5
loonquawl,3
preparing,1
"speak!""",1
expectant,2
experimentally,1
businesslike,1
pattern.,1
channel.,1
"morning,""",1
"nervously,",2
majestically.,1
"have.""",1
expectancy.,1
vain.,1
phouchg.,2
confirmed,1
everything?,1
"everything?""",2
preparation,1
selected,1
birth,1
witness,1
children.,1
"""now?""",2
"""now,""",2
licked,1
lips.,1
"think,""",1
"""doesn't",2
"matter!""",1
"""yes!",1
fidgeted.,1
unbearable.,1
observed,1
"...!!!...?""",1
"""forty-two,""",1
majesty,1
calm.,1
spoke.,1
tense,1
outside.,1
tough,1
"assignment,""",1
"""forty-two!""",1
years',1
"work?""",1
"thoroughly,""",1
honest,1
question!,1
howled,2
suffers,1
fools,1
"gladly,",1
stupefied,1
"""exactly!""",1
"means.""",1
flinging,1
wiping,1
tear.,1
"""yes!""",2
pondered,2
finally:,1
despair.,1
"can,""",1
"""who?""",1
non-existent,1
scalp,1
crawl,1
inexorably,1
"console,",1
dramatic,1
zoom,1
assumed.,1
regaining,1
accustomed,1
declamatory,1
complexity,1
matrix.,1
yourselves,2
ten-million-year,1
program!,1
yes!,1
unto,1
incisions,1
body.,1
horrific,1
gashed,1
nowhere.,1
blotched,1
"cracked,",1
flickered,2
crumbled,1
crashed,1
upwards,1
wires.,1
"""end",1
"tape,""",1
explained.,1
"""zaphod!",1
"""mmmmmwwwwwerrrrr?""",1
"pleasure?""",1
blearily.,1
"""nor",1
bugging,1
double,1
dose,1
"gas,""",1
"windpipes.""",1
"talking,""",1
ground?,1
"hard.""",1
"gold,""",1
balletic,1
scanning,1
"horizon,",1
"direction,",1
solid.,1
gleamed,2
gleams,1
does.,2
goggle-eyed.,1
"excited,""",1
"catalogue.""",1
"who?""",1
"catalogue,""",1
"illusion.""",1
knees,1
poked,2
fingernail.,2
"shiny,",1
evaporated,1
evaporates,1
"""trillian",1
"ago,""",1
yelling,1
catalogue,4
us.,2
"sens-o-tape.""",1
bitterly.,1
"shit,""",1
"else's.""",1
huff.,1
"""hallmark,""",1
"look.""",2
"earlier,""",1
knee,1
"fish.""",1
"""fish?""",1
platinum.,1
dull.,1
looked.,1
"pretty,""",1
petulantly.,1
appeared.,1
"changed,",1
"went,",1
"""yuch.""",1
purple.,1
beach,2
pebbles,1
precious,1
stones.,1
undulating,1
peaks.,1
table,4
frilly,1
mauve,1
parasol,1
tassles.,1
"appeared,",1
replacing,1
number.,1
"tastes,",1
cater,1
proud.,1
naked,1
parachutes.,1
springtime,1
meadow,1
cows.,1
"""ow!""",1
"brains!""",1
scenes,1
detected,2
tests.,1
myself.,1
agreement.,1
"reckon,",1
myself?,1
obviously.,1
yooden,5
vranx.,1
"yooden,",1
"kids,",1
captain.,1
gas.,1
conkers,2
bust,2
megafreighter.,1
"history,""",1
megafreighters,2
bulky,1
trade,1
scouts,1
markets,1
arcturans,1
supply,1
pirates,1
dordellis,1
"wars,",1
equipped,1
shields,1
science.,1
brutes,1
huge.,1
eclipse,1
decides,1
raid,1
tri-jet,2
scooter,1
stratosphere,1
kid.,1
crazier,1
monkey.,1
ride,1
fake,2
happens?,1
souped,1
"other,",2
parsecs,1
"weeks,",1
megafreighter,1
"how,",2
pistols,1
conkers.,1
wilder,1
known.,1
year's,1
money.,1
"conkers.""",1
"guy,",1
"vranx,""",1
"food,",1
booze,1
stuff,1
weird,2
incredible,1
teleported,1
maximum,1
security,1
state,2
prison.,1
guy.,1
"galaxy.""",1
elephantine,1
lurked,1
indistinctly,1
shadows.,1
rent,1
illusory,2
murdering,1
paying,1
proposition.,1
"""his",1
"idea?""",1
stealing,1
launching,1
"ceremony.""",1
roared,1
laughter.,1
walls.,1
consciously,1
passed.,1
mucked,1
"talker.""",1
"mate,",1
inkling,1
doubts,1
minds.,1
"last,",1
letting,1
secrets.,1
"still,""",1
"reflection,",1
spit,1
"rat.""",1
plush,1
glass-top,1
awards.,3
perfunctory,1
study.,1
"pile,",1
pile,2
"""deep",1
"completed,""",1
unbitterly.,1
"""ten",1
conceive,1
span?,1
worm,1
bureaucracy,1
added.,1
"thoughtfully,",1
explains,1
things.,1
unaccountable,1
"sinister,",1
"""everyone?""",1
something!,1
"""maybe.",1
"cares?""",1
"tired,""",1
absurdly,1
occupied.,1
me:,1
coastlines.,1
"norway.""",1
perspex,2
block,1
model,1
norway,1
"""where's",1
fleeting,1
"award.""",1
shrug,1
"carelessly,",1
carelessly,1
soft.,1
replacement,1
africa,1
fashioned,1
baroque,1
continent.,1
equatorial,1
"equatorial!""",1
matter?,1
"""no.",1
falls,1
sympathy.,1
"otherwise.""",1
flashed.,1
"hailed,",1
"gather,",1
"universe.""",2
"two?""",1
"coincidences,""",1
carelessly.,1
follow.,1
"more,",1
sweaty,1
dishevelled,1
clothes,1
morning.,1
"lifestyle,""",2
"""only",1
"joking.""",1
costs,1
scale,2
appreciated.,1
freak,1
wormhole,1
continuum,1
warlike,1
poised,3
brink,1
frightful,1
battle.,1
opposing,2
leaders,1
meeting,2
dreadful,2
conference,2
commander,1
"vl'hurgs,",1
"shorts,",1
levelly,1
g'gugvuntt,1
leader,1
squatting,2
sweet-smelling,1
"steam,",1
horribly,1
beweaponed,1
cruisers,1
unleash,1
"command,",1
challenged,1
vile,1
stirred,1
sickly,1
broiling,1
"vapour,",1
table.,2
"unfortunately,",1
vl'hurg,1
insult,1
"imaginable,",1
wage,1
war,1
centuries.,2
decimated,1
"mistake,",1
remaining,1
differences,1
launch,1
joint,1
positively,1
identified,1
offending,1
remark.,1
wastes,1
due,1
miscalculation,1
swallowed,1
dog.,1
complex,1
interplay,1
powerless,1
prevent,1
"life,""",1
trip,1
glass-topped,1
entered.,1
"""arthur!",1
"safe!""",1
startled.,1
subdued,1
decked,1
"dishes,",1
sweetmeats,1
bizarre,1
fruits.,1
attacking,1
boneful,1
grilled,1
"muscle,",1
"""our",1
guests,1
gassing,1
zapping,1
"here,""",2
hoiking,1
evil,2
smelling,1
"bowl,",1
vegan,1
rhino's,1
cutlet.,1
delicious,1
"thing.""",1
"""hosts?""",1
hosts?,1
"""welcome",1
"lunch,",1
"creature.""",1
"""ugh!""",1
"table!""",1
pointedly,1
"""oh!""",1
realization.,1
introduce,1
benji,8
"mouse.""",2
whiskers,2
stroked,1
whisky-glass,1
frankie,7
mouse,2
"""pleased",1
likewise.,1
tiniest,1
shrug.,2
grated,1
"megadonkey?""",1
"slartibartfast,""",2
"aback,",1
"then.""",1
"necessary,""",1
mouse.,1
"longer.""",1
swivelled,1
"destroyed.""",1
that!,1
glaciers,2
"africa!""",1
skiing,2
holiday,1
dismantle,1
"frankie,",6
acidly.,1
"""skiing",1
"holiday!""",1
art!,1
elegantly,1
sculptured,1
"contours,",1
soaring,1
pinnacles,1
"ice,",1
majestic,1
ravines!,1
sacrilege,1
"art!""",1
"coldly,",1
goodbye,1
"""hope",1
nod,1
company,1
"mouse,",3
"business.""",1
clinked,1
"business!""",1
benji.,6
proposing,1
"toast,""",1
scuttled,2
transports.,1
"""now,",2
"creature,""",1
"have,",1
"question.""",1
"interrupting,",1
why?,1
forty-two,1
"work.""",1
frankie.,3
brutally,1
honest.,1
sick,1
prospect,1
whinnet-ridden,1
heeby,1
"jeebies,",1
"holiday,",1
manipulated,1
offices,1
"friends.""",1
"dimension,""",1
"""since",1
"when,""",1
murine,1
"colleague,",1
offer,1
enormously,1
contract,1
5d,1
chat,1
lecture,1
circuit,1
"woods,",1
inclined,1
"would,",1
promptingly.,1
"""jump",1
"shot.""",1
product,2
ideally,1
"other.""",1
studio,1
mentioning,1
"forty-two,",1
show's,1
short.,1
"follow-up,",1
"good?""",1
good?,1
"mice?""",1
bristled.,1
"idealism,",1
dignity,1
pure,1
pursuit,1
"forms,",1
"truth,",1
multi-dimensional,1
maniacs.,1
choice,1
spending,1
"exercise,""",1
hopelessly.,1
"matrix,",1
penultimate,1
configuration,1
"programme,""",1
lucidly,1
"""right?""",1
doubtfully.,1
problems.,1
"words,""",1
"benji,",2
steering,1
vehicle,1
encoded,1
"money,""",1
"buy.""",1
"electronical-ly,""",1
pro-tes-ted,1
"prepared.""",1
"""treated,""",1
"""diced.""",1
tipping,1
backing,2
"replaced,""",1
"reasonably,",1
"brain,""",1
"suffice.""",1
"one!""",1
wailed,1
where's,1
tea?,1
who'd,1
"difference?""",1
further.,1
"""see",1
"difference,""",1
"wouldn't,""",1
"to.""",1
"lads,""",1
"deal.""",1
"deal,""",1
"chorus,",1
charm,1
vanishing,1
fro,1
piping,1
instant.,1
whining,1
shriek,1
transports,2
stumbled,1
blind,1
drag,1
airborne,1
rodents,1
swooping,1
"yank,",1
pretty.,1
charged.,1
thugs,1
were.,1
fortunate,1
earsplitting,1
din.,1
"""emergency!",1
"emergency!""",1
blared,1
klaxons,1
ma-gra-thea.,1
"""hos-tile",1
intruders,1
8a.,1
"stations,",1
"stations!""",1
sniffed,1
shattered,1
"""damnation,""",1
earthling,1
"brain.""",1
"flashing,",1
coat,1
bristling,1
static.,1
crouching,2
stroking,1
invent,1
"plausible.""",1
"""difficult,""",1
"dangerous?""",1
"answer.""",1
multiply,1
"seven?""",1
"literal,",1
"factual,""",1
"""wouldn't",2
sustain,1
punters',1
"interest.""",1
roads,2
"""aha,",1
"promising!""",1
little.,1
excellent!,1
tying,1
down?,1
forty-two.,1
"excellent,",2
that'll,1
fox,1
'em.,1
"made!""",1
performed,1
scampering,1
dance,1
mile,1
pounded,1
open-plan,1
"zaphod?""",1
"guess,",1
kill-o-zap,5
bolt,3
adjacent,1
hailer,2
"covered.""",1
"""cops!""",1
crouch.,1
"way,""",1
gangway,2
armoured,1
space-,1
"beeblebrox!""",1
figure.,1
"""suits",1
"fine!""",1
gap,1
units.,1
swerved,1
"cornered.""",1
bolts,1
cops,3
"ball,",1
dangerous,1
ducked,1
"replied,",1
"cop!""",1
"cop.""",1
listen!,1
laying,1
easier,1
"cope!""",1
"guy,""",1
"hailer,",1
dealing,1
dumb,1
two-bit,1
trigger-pumping,1
morons,1
"hairlines,",1
"conversation,",1
caring,1
socially!,1
gratuitously,2
bragging,1
afterwards,3
seedy,1
space-rangers,1
"bars,",1
mention!,1
agonize,1
"girlfriend!""",1
"novels!""",1
chimed,1
cop.,2
meeeean,1
"mood!""",1
halfway,1
sockets.,1
preferred,1
"shooting.""",1
"quietly,""",1
"out?""",1
"prefer?""",1
millisecond,1
fusillade,1
unbearable,1
intensity.,1
quietness,1
echoes,1
cops.,2
"tell,""",1
"good!""",1
"""because,""",1
"cop,",2
humane!,1
beat,1
opposed,1
needless,1
"violence,",1
"here!""",1
"crazy!""",1
"would,""",1
"question,""",1
liberal,1
cop,3
sensitivity,1
"""shall",1
"bit?""",1
barrage.,1
heat,1
fantastic.,1
disintegrate.,1
melted,1
rivulets,1
molten,1
winding,1
squatting.,1
huddled,1
"came,",2
barrage,1
punctuated,1
strangled,1
thuds.,1
"stopped,""",1
"""dunno,",1
"""hello?""",1
"odd.""",1
"trap.""",1
"wit.""",1
"thuds?""",1
"""dunno.""",1
"""right,""",1
others.,2
"possibly,",1
"instead?""",1
heads.,1
happen.,1
billowing,1
burning,1
cautiously,1
space-suited,1
crumpled,1
odd.,1
reassuringly,2
gun,1
dangled,1
limp,1
fingers.,1
resistance.,1
dead.,3
blagulon,3
kappa,2
methane-breathing,1
dependent,1
oxygen,1
backpack,1
miniature,1
sub-etha.,1
fail-safe,1
circumstances,1
feedback,1
"malfunction,",1
prone,1
"figure,",1
shared,1
"astonishment,",1
curiosity.,2
"hole,""",1
"gun,",1
blasted,2
accounting,1
"empty,",1
recognized,1
belonging,1
pinned,1
sparse,1
arrow,1
controls.,1
speeds,1
excess,1
r17,3
lead,1
drear,1
twilight.,1
congealed,1
"measure,",1
reasonable,1
consistent,1
"health,",1
wellbeing,1
infinitely,1
variable,1
"circumstances,",1
factors,1
vary,1
"absolute,",1
awareness,1
factor.,1
handled,2
tranquility,1
equation,1
ulcers,1
death.,1
fixed,1
"velocity,",1
"above,",1
deposited,1
starkly,1
bleached,1
"bone,",1
precipitately,1
whence,2
own.,1
"shivering,",2
"policecraft,",1
bulbous,1
sharklike,1
slate,1
smothered,1
stencilled,1
varying,1
unfriendliness.,1
informed,1
"from,",1
assigned,1
connected.,1
unnaturally,1
two-man,1
smoke-filled,1
"define,",1
spontaneously,1
bitter,1
suffering,1
acute,1
"stayed,",1
examine,1
"walked,",1
tripped,1
inert,1
dust.,1
exclaimed.,1
muffled,1
drone.,1
"metalman?""",1
"depressed.""",1
"up?""",1
"""why,""",1
"dust?""",1
effective,1
"wretched,""",1
jacked,1
resolutely,1
facing,1
"dejectedly,",1
indicating,1
policecraft.,1
"""simple.",1
bored,1
"depressed,",1
feed.,1
"suicide,""",1
"night,",1
putting,1
"nebula,",1
lounged,1
blasters;,1
discussing,1
matters,1
arising,1
it;,1
bed,1
"place,",1
"reasoned,",1
entry.,1
'the,1
"phases,",1
"survival,",1
inquiry,1
"sophistication,",1
phases.,1
phase,1
characterized,1
eat?,2
"lunch?""",1
intercom,1
buzzed,1
earthman?,1
hungry,1
"kid?""",1
peckish,1
"suppose,""",1
"tight,""",1
bite,1
restaurant,1
{what's,1
president?},1
president:,1
title,1
government.,1
term,1
anachronism.,1
hereditary,1
emperor,2
dying,1
coma,1
statis,1
unchangingness.,1
heirs,1
"dead,",1
drastic,1
"upheaval,",1
rung,1
"ladder,",1
vested,1
advisers,1
elected,2
governmental,1
assembly,1
assembly.,1
vests,1
figurehead,1
wields,1
leadership,1
judged,1
outrage.,1
"choice,",1
infuriating,1
fascinating,1
character.,1
criteria,1
presidents,1
prison,1
fraud.,1
wielded.,1
secretly,1
decision-making,1
wrong.,1
{about,1
perfect},1
pronuncible,1
obscure,1
"dialect,",1
extinct,1
collapsing,2
hrung,4
disaster,1
gal./sid./year,1
03758,1
praxibetel,2
communities,1
seven.,1
father,2
"disaster,",1
satisfactorily,2
episode,1
shrouded,1
mystery:,1
collapse,2
particularly.,1
"father,",1
magnanimously,1
clouds,1
fathered,1
uncled,1
ford;,1
christened,1
"shame,",1
disease,1
school,1
nicknamed,1
"ix,",1
language,1
translates,1
"""boy",1
"seven"".",1
