,Count
said,681
arthur,332
ford,316
zaphod,206
one,176
just,135
thought,119
s,117
now,117
well,110
know,107
planet,99
yes,95
dont,93
like,91
computer,90
man,86
time,85
can,83
see,81
think,81
looked,80
trillian,78
two,77
got,73
back,71
going,71
oh,69
moment,67
get,64
away,64
something,63
voice,62
way,62
will,61
didnt,60
deep,60
galaxy,60
good,60
im,58
small,58
look,57
round,57
years,55
around,55
old,54
earth,54
life,54
come,53
suddenly,51
want,51
us,51
vogon,50
great,49
much,49
quite,49
thats,49
ship,49
light,48
really,48
marvin,47
people,46
thing,45
fact,43
yeah,43
shouted,41
still,40
anything,40
little,40
say,40
nothing,40
day,38
even,38
tell,38
space,38
mean,38
universe,38
seemed,38
made,37
first,37
take,37
head,37
er,37
across,37
point,37
eyes,36
things,35
mind,35
knew,35
mr,35
turned,35
ive,35
whats,34
door,34
came,34
go,34
rather,34
every,33
never,33
ever,33
continued,32
air,32
went,32
another,32
magrathea,32
course,32
long,32
youre,32
trying,31
right,30
second,30
five,30
asked,30
new,30
hey,30
looking,29
gold,29
found,29
heart,29
sort,29
hitch,29
prefect,28
galactic,28
left,28
always,28
stared,28
work,28
improbability,27
president,27
three,27
answer,27
book,27
question,27
make,27
prosser,27
ill,27
though,26
thousand,26
cant,26
began,26
let,26
beeblebrox,26
happened,26
end,26
guard,26
many,26
seconds,26
guide,25
enough,25
large,25
last,25
slartibartfast,25
lot,25
bit,25
quietly,24
hundred,24
whole,24
keep,24
far,24
sky,24
vogons,23
ok,23
dent,23
wouldnt,23
must,23
house,23
stood,23
gone,23
big,23
called,23
dark,23
mice,23
wall,22
put,22
huge,22
wasnt,22
perfectly,22
find,22
gave,22
towards,22
front,22
sound,22
better,22
talk,22
everything,22
robot,22
open,22
silence,22
brain,21
later,21
also,21
million,21
power,21
sat,21
tried,21
hikers,21
alright,21
green,21
id,21
four,20
name,20
beneath,20
room,20
ground,20
slowly,20
stop,20
night,20
dead,20
couldnt,20
fish,19
actually,19
slight,19
form,19
important,19
yet,19
behind,19
isnt,19
thank,19
planets,19
felt,19
sense,19
yellow,19
finally,19
heard,19
probably,19
betelgeuse,18
part,18
god,18
ah,18
bridge,18
guys,18
men,18
running,18
started,18
screen,18
tiny,18
pretty,18
theres,18
half,17
couple,17
else,17
saying,17
gargle,17
next,17
six,17
almost,17
hi,17
problem,17
understand,17
without,17
says,17
exactly,17
damogran,17
matter,17
need,17
star,17
pub,16
drive,16
surface,16
place,16
frankie,16
sudden,16
system,16
simply,16
hadnt,16
ships,16
lay,16
several,16
picked,16
cold,16
world,16
give,16
appeared,16
top,16
face,16
drink,16
barman,16
may,16
paused,16
closed,16
standing,16
white,16
benji,16
water,16
cried,16
youve,16
opened,15
clearly,15
full,15
might,15
able,15
cabin,15
making,15
ten,15
feet,15
passed,15
terrible,15
sea,15
idea,15
glanced,15
sure,15
start,15
miles,15
less,15
seven,15
perhaps,15
notice,15
arthurs,15
known,15
used,15
words,15
earthman,15
kind,14
government,14
somewhere,14
fook,14
lunkwill,14
forward,14
stopped,14
corner,14
hell,14
hed,14
muttered,14
built,14
lying,14
weve,14
number,14
together,14
stuck,14
control,14
decided,14
simple,14
none,14
eventually,14
slightly,14
inside,14
soon,14
black,14
straight,14
please,14
best,14
feel,14
wild,14
effect,13
nervous,13
low,13
sharply,13
wanted,13
anyone,13
aircar,13
home,13
sun,13
listen,13
shut,13
hatchway,13
told,13
today,13
vroomfondel,13
speak,13
demand,13
walk,13
strange,13
side,13
worried,13
run,13
noise,13
lost,13
everyone,13
ask,12
someone,12
settled,12
crater,12
become,12
along,12
yelled,12
call,12
eddie,12
die,12
sorry,12
frowned,12
lie,12
often,12
anyway,12
story,12
theyre,12
doesnt,12
hands,12
followed,12
added,12
thin,12
fun,12
nice,12
youd,12
real,12
bulldozer,12
longer,12
flashed,11
party,11
ultimate,11
howl,11
mud,11
help,11
nearly,11
clear,11
seem,11
distance,11
havent,11
wrong,11
sitting,11
carried,11
glass,11
falling,11
fine,11
became,11
fell,11
infinite,11
missiles,11
problems,11
means,11
entirely,11
job,11
word,11
either,11
steel,11
beings,11
majikthise,11
hold,11
stupid,11
fords,11
rolled,11
floor,11
greatest,11
finger,11
solid,11
shall,11
reason,11
arm,11
moved,11
turn,11
met,11
surprised,11
minutes,11
whilst,11
whatever,11
worked,10
insisted,10
died,10
coincidence,10
already,10
research,10
sounds,10
mostly,10
completely,10
electronic,10
land,10
speed,10
flat,10
excitement,10
heads,10
least,10
hear,10
waited,10
since,10
talking,10
towel,10
read,10
interesting,10
took,10
shouting,10
seen,10
believe,10
spaceship,10
hello,10
wide,10
intelligent,10
loonquawl,10
o,10
human,10
business,10
major,10
morning,10
attention,10
nervously,10
bits,10
third,10
watched,10
d,10
odd,10
show,10
whose,9
crowd,9
fast,9
screens,9
machine,9
exclaimed,9
entry,9
figures,9
realized,9
getting,9
sit,9
computers,9
within,9
dust,9
subetha,9
guy,9
arms,9
hand,9
walked,9
red,9
saw,9
window,9
totally,9
quickly,9
seat,9
neck,9
worry,9
pan,9
stars,9
console,9
figure,9
usually,9
thinking,9
size,9
discovered,9
set,9
smiled,9
infinity,9
moments,9
bank,9
thirty,9
astonishment,9
safe,9
device,9
phouchg,9
captain,9
fifteen,9
chamber,9
ancient,9
soft,9
cut,9
waving,9
designed,9
table,9
sir,9
cop,9
rest,9
alpha,9
lucky,9
body,9
quick,9
till,9
outside,9
shrugged,9
however,8
sent,8
entire,8
hard,8
direction,8
boat,8
bar,8
youll,8
probability,8
explain,8
span,8
money,8
ghastly,8
except,8
flying,8
struck,8
message,8
harmless,8
excited,8
breath,8
music,8
brightly,8
feeling,8
mouse,8
paper,8
hung,8
rich,8
angry,8
existed,8
faces,8
care,8
cybernetics,8
sirius,8
vast,8
throat,8
wind,8
depressed,8
wont,8
beautiful,8
aware,8
others,8
relaxed,8
young,8
panic,8
improbable,8
extraordinary,8
therefore,8
silver,8
suns,8
press,8
crew,8
high,8
use,8
heavy,8
formed,8
properly,8
wave,8
whale,8
theyd,8
thoroughly,8
poetry,8
zaphods,8
smile,8
arrived,8
waiting,8
somebody,8
copy,8
tea,8
particularly,8
hyperspace,8
shook,8
forms,8
amazingly,8
afraid,8
done,8
stepped,8
given,8
spirit,8
grinned,8
thoughts,8
remarkable,8
prepared,7
sleep,7
welcome,7
partly,7
hiker,7
interstellar,7
data,7
amazing,7
apparently,7
square,7
lifestyle,7
surprise,7
wonderful,7
button,7
panel,7
atmosphere,7
short,7
public,7
circuits,7
demanded,7
pints,7
explained,7
busy,7
waved,7
hit,7
late,7
chance,7
mental,7
shot,7
excuse,7
try,7
easy,7
section,7
blinked,7
silent,7
burst,7
reached,7
hope,7
realize,7
interest,7
walls,7
craft,7
threw,7
shapes,7
prostetnic,7
corporation,7
happy,7
stand,7
aside,7
curious,7
council,7
whispered,7
particular,7
impact,7
mouth,7
bypass,7
liked,7
instead,7
horror,7
game,7
bright,7
wildly,7
wait,7
rolling,7
bay,7
firmly,7
enjoy,7
happen,7
agreed,7
bloody,7
ones,7
brought,7
patterns,7
times,7
airlock,7
snapped,7
resistance,7
shooting,7
reach,7
coming,7
friends,7
single,7
impossible,7
dentrassi,7
speech,7
ear,7
bottom,7
thick,7
arent,7
design,7
original,7
terribly,7
popular,7
creatures,7
lights,7
taken,7
existence,6
beside,6
simultaneously,6
dunno,6
blue,6
twisted,6
move,6
hum,6
suppose,6
humming,6
programme,6
news,6
hes,6
screamed,6
billion,6
build,6
bowl,6
startled,6
corridor,6
wake,6
beginning,6
terrific,6
knock,6
interrupted,6
ready,6
urged,6
lets,6
controls,6
quiet,6
attempt,6
sensation,6
cracked,6
raised,6
throw,6
robots,6
dressed,6
pause,6
passing,6
r,6
caught,6
cops,6
telling,6
minute,6
race,6
noticed,6
length,6
tongue,6
tight,6
assume,6
showed,6
empty,6
banks,6
unpleasant,6
parts,6
ceiling,6
bother,6
allow,6
wow,6
afternoon,6
leapt,6
desperately,6
bang,6
kid,6
dents,6
lift,6
history,6
z,6
managed,6
minus,6
janx,6
pleasant,6
creature,6
cleared,6
gaped,6
catalogue,6
gasped,6
yards,6
tape,6
leave,6
babel,6
grin,6
watch,6
southend,6
mad,6
wed,6
worlds,6
satchel,6
cover,6
beer,6
colour,6
ugly,6
yooden,6
instruments,6
pulled,6
ago,6
difficult,6
theyve,6
b,6
maybe,6
instance,6
taking,6
backwards,6
highly,6
match,6
heavily,6
fifty,6
change,6
pardon,6
reckon,6
somethings,6
fingers,6
laugh,6
exist,6
wished,6
thursday,6
failed,6
doubt,6
locked,6
alien,6
jeltz,6
display,6
dull,6
lives,6
expect,6
lived,6
leaped,5
beg,5
moving,5
breathed,5
furry,5
successful,5
fitted,5
turning,5
peanuts,5
bad,5
orbit,5
source,5
buildings,5
trouble,5
fairly,5
ignored,5
movement,5
glasses,5
pushed,5
pleased,5
panicking,5
stuff,5
service,5
remember,5
muscle,5
destruction,5
hour,5
occurred,5
sounded,5
wrapped,5
legs,5
pass,5
vanished,5
crept,5
note,5
dentrassis,5
brains,5
headed,5
worth,5
switch,5
desk,5
oceans,5
pocket,5
gives,5
hissed,5
girl,5
unable,5
different,5
kids,5
hardly,5
local,5
working,5
awkward,5
hate,5
blood,5
argument,5
eye,5
upon,5
killozap,5
wandered,5
dimension,5
bellowed,5
goes,5
signal,5
mess,5
absolutely,5
piece,5
finding,5
edge,5
merely,5
shape,5
buttons,5
windows,5
grey,5
arcturan,5
plastic,5
stomped,5
certain,5
prefects,5
wet,5
seas,5
nebula,5
picture,5
ran,5
galactica,5
lots,5
view,5
road,5
crazy,5
poor,5
miserable,5
sight,5
afterwards,5
heres,5
currently,5
mere,5
presumably,5
reaction,5
matrix,5
leather,5
pointing,5
meet,5
fortytwo,5
subtle,5
whisper,5
extra,5
theory,5
planning,5
filled,5
sake,5
tapped,5
shadow,5
drifted,5
distant,5
level,5
pa,5
pink,5
building,5
mindboggingly,5
purpose,5
weakly,5
anybody,5
knocked,5
close,5
order,5
atoms,5
obviously,5
weight,5
dropped,5
bulldozers,5
forget,5
amount,5
cross,5
deal,5
nearby,5
useless,5
guidance,5
anywhere,5
dolphins,5
constructor,5
fire,5
screaming,5
telephone,5
possibly,5
total,5
lunch,5
hole,5
brushed,5
meaningless,5
nose,5
fit,5
talked,5
main,5
truth,5
past,5
claimed,5
impression,5
distances,5
begin,5
recently,5
guess,5
mine,5
silently,5
remote,5
hot,5
twenty,5
thrown,5
imperial,5
pressed,5
battle,5
tests,5
wish,5
slid,5
present,5
teeth,5
stick,5
seriously,5
comes,5
considerable,5
save,5
structure,5
played,5
laughed,5
mighty,5
equipment,5
apart,5
paid,5
jump,5
programmers,5
touched,5
generally,5
kick,5
sped,4
style,4
act,4
pity,4
slumped,4
arrival,4
thus,4
engines,4
exotic,4
cage,4
bring,4
curve,4
political,4
seeing,4
crescent,4
learning,4
impatiently,4
mattresses,4
evolved,4
cliff,4
chair,4
fresh,4
sand,4
hatch,4
happens,4
darkness,4
plunged,4
eagle,4
stress,4
virtually,4
task,4
curved,4
experience,4
energy,4
opposite,4
shoot,4
mountains,4
asking,4
write,4
blackness,4
slept,4
middle,4
conversation,4
takes,4
bunch,4
early,4
held,4
announced,4
upset,4
reading,4
understood,4
brown,4
nothingth,4
noises,4
degrees,4
fleets,4
civilization,4
presidency,4
apparent,4
rescued,4
throughout,4
incomprehensible,4
meant,4
island,4
recognize,4
near,4
secret,4
naturally,4
dog,4
experienced,4
cool,4
flashing,4
possible,4
irritably,4
gun,4
poem,4
politely,4
attempts,4
sheer,4
otherwise,4
pavement,4
future,4
account,4
marketing,4
division,4
indeed,4
hang,4
aliens,4
crawled,4
leading,4
gesture,4
plural,4
alone,4
difficulty,4
races,4
works,4
somehow,4
loud,4
holding,4
ball,4
lightly,4
zz,4
everyones,4
strag,4
immense,4
seems,4
considered,4
difference,4
grip,4
worse,4
pick,4
yelped,4
terms,4
nature,4
eyebrows,4
irritation,4
exploded,4
shivering,4
shoulder,4
cup,4
hunched,4
hated,4
random,4
gleaming,4
swirled,4
happening,4
grabbed,4
bought,4
globe,4
steal,4
kept,4
buzz,4
panels,4
stolen,4
ears,4
england,4
ravenous,4
split,4
swung,4
meaning,4
process,4
tremendous,4
terror,4
watching,4
massive,4
shivered,4
wretched,4
hooloovoo,4
death,4
fantastic,4
nowhere,4
flung,4
centauri,4
reasons,4
directions,4
scrambled,4
pages,4
imagination,4
humanoid,4
staring,4
art,4
pencil,4
science,4
flew,4
glared,4
shock,4
minds,4
touch,4
column,4
mention,4
mindless,4
nelsons,4
prisoners,4
chattered,4
metal,4
lad,4
mood,4
ticker,4
fanfare,4
occupied,4
dusty,4
bawled,4
useful,4
strong,4
hitchhikers,4
skin,4
fjords,4
radio,4
mans,4
sighed,4
blaster,4
facts,4
revealed,4
friend,4
vicinity,4
mirror,4
effects,4
attack,4
program,4
reflected,4
patiently,4
search,4
liquid,4
drinking,4
defence,4
ease,4
pretending,4
special,4
whether,4
pleasure,4
memory,4
bubble,4
gas,4
saucers,4
gazed,4
relax,4
biro,4
page,4
friendly,4
letters,4
begins,4
tall,4
spread,4
conkers,4
choose,4
gathered,4
supposed,4
study,4
result,4
smoke,4
hollow,4
whys,4
plans,4
organic,4
wonder,4
recording,4
points,4
dream,4
wiped,4
crossing,4
yesterday,4
merest,4
destroyed,4
drivers,4
clients,4
foot,4
equally,4
hat,4
car,4
mildly,4
lifted,4
bothered,4
tone,4
looks,4
trust,4
petunias,4
philosophers,4
glow,4
path,4
inexplicable,4
curiously,4
guessed,4
cloud,4
travelling,4
instant,4
calculate,4
tunnel,4
office,4
enormous,4
supposing,4
whisky,4
pour,4
baby,4
empire,4
saucer,4
horse,4
groom,4
sadly,4
hrung,4
play,4
genuinely,4
trees,4
women,4
mirrors,4
mother,4
mistake,4
bottle,4
remained,4
tables,4
pieces,4
sofa,4
disappeared,4
largely,4
collapsed,4
spiral,4
unhappy,4
lunchtime,4
digital,4
steady,4
situation,4
accepted,4
giving,4
c,4
horizon,4
l,4
streets,4
pointed,4
m,4
g,4
wholly,4
terminal,4
da,3
unless,3
reassuringly,3
shone,3
magrathean,3
polished,3
misinterpreted,3
occasional,3
sheet,3
required,3
tunnels,3
trapped,3
perfect,3
finite,3
involved,3
visions,3
appropriate,3
sailed,3
board,3
role,3
address,3
ignore,3
hours,3
oblong,3
sign,3
emergency,3
thanks,3
velocity,3
synapses,3
dry,3
union,3
laws,3
physical,3
various,3
fabric,3
furthest,3
orange,3
sash,3
covered,3
clean,3
nine,3
conventional,3
mark,3
pursued,3
department,3
gateway,3
torch,3
circular,3
shade,3
motion,3
presidential,3
beyond,3
altairan,3
information,3
circle,3
drunk,3
badly,3
parties,3
university,3
extraordinarily,3
voojagig,3
temples,3
iron,3
market,3
hair,3
live,3
waves,3
inquired,3
alarm,3
spacetime,3
sometimes,3
oddly,3
results,3
stare,3
screening,3
furious,3
unexpected,3
policemen,3
staggering,3
inhabited,3
nobody,3
reply,3
fleet,3
medical,3
buy,3
hurried,3
sphere,3
proof,3
brave,3
incredible,3
eat,3
arrive,3
hyperspatial,3
lazily,3
numbers,3
underground,3
wondering,3
creation,3
marvels,3
decide,3
dollars,3
roll,3
popped,3
whistle,3
cubicle,3
desperate,3
recession,3
thousands,3
normality,3
record,3
governed,3
principle,3
demolition,3
scouts,3
spent,3
relationships,3
trading,3
chances,3
islington,3
reflect,3
according,3
boomed,3
climbed,3
norway,3
holiday,3
gods,3
tannoy,3
announcement,3
squatting,3
selling,3
shadows,3
loomed,3
skiing,3
transports,3
gasping,3
houses,3
sprang,3
published,3
consequences,3
demolished,3
catastrophe,3
tree,3
excellent,3
person,3
outer,3
fed,3
curled,3
centres,3
awards,3
jewelled,3
older,3
brainwave,3
tossed,3
pile,3
charming,3
affair,3
equivalent,3
contains,3
instantly,3
shrug,3
carelessly,3
speaking,3
travel,3
encyclopedia,3
poised,3
silly,3
wearing,3
soul,3
mattress,3
struggled,3
hugged,3
sympathy,3
irritating,3
killed,3
bugeyed,3
prodded,3
cooks,3
v,3
shaking,3
interior,3
e,3
n,3
father,3
u,3
entered,3
relieved,3
glad,3
spaceships,3
blagulon,3
utterly,3
evil,3
bolt,3
beam,3
hailer,3
teaser,3
unfortunately,3
crossed,3
edition,3
suggested,3
field,3
lips,3
sliding,3
feed,3
watches,3
primitive,3
callous,3
descended,3
ape,3
meanwhile,3
chosen,3
award,3
pitch,3
fur,3
leaned,3
spoke,3
choice,3
cared,3
whirred,3
attempted,3
floating,3
dimly,3
effective,3
pain,3
constructed,3
lumps,3
operational,3
passage,3
break,3
survival,3
species,3
brief,3
counterpoint,3
logic,3
werent,3
complained,3
spluttered,3
sank,3
humanoids,3
feeble,3
loved,3
cheese,3
notebook,3
nearest,3
bobbing,3
spend,3
axes,3
headache,3
hyperintelligent,3
dimensional,3
fair,3
connected,3
floated,3
composed,3
chorus,3
garden,3
vogsphere,3
bear,3
eight,3
registered,3
rubbery,3
london,3
complete,3
survive,3
depths,3
discover,3
younger,3
panting,3
wars,3
caused,3
communication,3
effectively,3
forces,3
disgust,3
unfortunate,3
sunk,3
mcdonalds,3
punched,3
violently,3
leg,3
months,3
favourite,3
mate,3
lump,3
vaguely,3
worst,3
dear,3
flipped,3
suspect,3
coffee,3
starship,3
blew,3
brush,3
bathroom,3
blearily,3
woke,3
pattern,3
relaxant,3
happily,3
horsehead,3
orders,3
definitely,3
knocking,3
finely,3
perform,3
appalling,3
peculiar,3
shortly,3
mimicked,3
relationship,3
visible,3
righthand,3
slow,3
choked,3
shhh,3
intoned,3
clever,3
hydrogen,3
folded,3
satisfaction,3
doorway,3
loathe,3
armed,3
remark,3
final,3
dreams,3
sensomatic,3
boiled,3
trudged,3
huh,3
centre,3
electric,3
add,3
traal,3
beast,3
sink,3
algolian,3
winked,3
flash,3
recorded,3
drop,3
owns,3
sweet,3
bugblatter,3
alcohol,3
possibility,3
relaxing,3
subject,3
physicists,3
grown,3
dragged,3
finished,3
inches,3
value,3
practical,3
shoe,3
normal,3
blur,3
image,3
hurled,3
century,3
landscape,3
relative,3
signals,3
carry,3
flattened,3
blasters,3
defined,3
area,3
biros,3
massively,3
sales,3
curiosity,3
flight,3
brochure,3
fully,3
nicer,3
shocking,3
physics,3
alarmed,3
assumed,3
hopelessly,3
arguing,3
satisfied,3
burnt,3
scene,3
whistling,3
defines,3
vague,3
health,3
company,3
tells,3
promise,3
millions,3
brilliant,3
mode,3
appear,3
reaches,3
serious,3
measure,3
approached,3
bound,3
knowing,3
rain,3
driving,3
sperm,3
weather,3
chunky,3
tax,3
subjects,3
saved,3
suit,3
beta,3
days,3
leaving,3
sadness,3
blighted,3
knows,3
wants,3
circumstances,3
monstrous,3
channel,3
smiling,3
likely,3
cope,3
sustained,3
coordinates,3
valleys,3
extremely,3
richest,3
astonished,3
accidentally,3
itll,3
barren,3
city,3
learned,3
broke,3
series,3
factor,3
described,3
conditions,3
unlike,3
rays,3
ranged,3
personality,3
addressing,3
send,3
manically,3
phrase,3
faintly,3
illusion,3
fly,3
expectant,3
excitingly,3
disturbed,3
landed,3
economy,3
nodded,3
dived,3
upper,3
upwards,3
sol,3
tired,3
particle,2
dank,2
flickered,2
outcry,2
poked,2
surely,2
thee,2
rising,2
navigate,2
steellined,2
radios,2
solve,2
edited,2
shipboard,2
pondered,2
worthy,2
afford,2
bruise,2
sickeningly,2
beach,2
sophisticated,2
detected,2
nutrimatic,2
parents,2
fragments,2
general,2
picking,2
spasms,2
vranx,2
parameters,2
switched,2
cheery,2
whatsoever,2
queue,2
quivered,2
gleamed,2
poets,2
fingernail,2
supermarket,2
lolling,2
stored,2
band,2
grunthos,2
york,2
breeze,2
cough,2
pausing,2
seventh,2
wire,2
stegosaurus,2
sector,2
rib,2
creator,2
sharp,2
ego,2
specialist,2
lifesupport,2
interrupting,2
ringing,2
completed,2
sensotape,2
sensitive,2
automatic,2
unlucky,2
gurgles,2
halfrunt,2
demarcation,2
disappointed,2
grimly,2
strike,2
units,2
threat,2
committed,2
trained,2
embarrassed,2
flags,2
believed,2
gallumbits,2
rhythmic,2
imagery,2
suspense,2
nasty,2
reflection,2
tricky,2
tension,2
originally,2
actual,2
mystery,2
extend,2
calmly,2
howled,2
contemptuous,2
significant,2
honest,2
resolved,2
angrily,2
sentinent,2
unbearable,2
prospect,2
suffered,2
hide,2
strapped,2
chairs,2
innocent,2
eccentrica,2
leader,2
dais,2
deadly,2
imagine,2
wealth,2
constant,2
include,2
gangway,2
revised,2
platinum,2
luxury,2
nagging,2
frankly,2
inquiry,2
manner,2
attacked,2
custommade,2
gratuitously,2
industry,2
measured,2
barrage,2
thuds,2
robe,2
pained,2
expression,2
artificial,2
beep,2
phil,2
crouching,2
persisted,2
infuriatingly,2
dangerous,2
roads,2
trajectory,2
motioned,2
aboard,2
sulking,2
grow,2
believes,2
enlightened,2
legend,2
admit,2
photon,2
kappa,2
blasted,2
created,2
grinning,2
former,2
squalid,2
enthused,2
praxibetel,2
consoles,2
external,2
maniac,2
angle,2
smelly,2
mists,2
satisfactorily,2
meal,2
glare,2
binary,2
quarters,2
collapse,2
cups,2
underwear,2
inevitably,2
emperor,2
handled,2
lit,2
whence,2
policecraft,2
index,2
phases,2
lark,2
elected,2
disaster,2
assembly,2
collapsing,2
predicted,2
amongst,2
squornshellous,2
adventure,2
rummaged,2
stations,2
coldly,2
legendary,2
perspex,2
carrier,2
monitor,2
feeds,2
oddest,2
prepare,2
promising,2
replaced,2
magratheans,2
ravines,2
crinkly,2
embarrassment,2
repeat,2
wheres,2
legends,2
journey,2
load,2
frequencies,2
illusory,2
africa,2
faith,2
fortune,2
bust,2
megafreighter,2
megafreighters,2
encore,2
promptly,2
trijet,2
prove,2
language,2
fake,2
thinkers,2
sum,2
sums,2
weird,2
state,2
prison,2
wherever,2
humans,2
levelly,2
suits,2
centuries,2
hosts,2
piles,2
grasp,2
recognizable,2
whiskers,2
glaciers,2
semicousin,2
shush,2
tends,2
scuttled,2
galaxys,2
sunrise,2
product,2
backing,2
adding,2
pack,2
streaked,2
equatorial,2
marvins,2
listening,2
scale,2
dots,2
eyed,2
coloured,2
rahm,2
opposing,2
goggleeyed,2
dawn,2
meeting,2
soulianis,2
scrabbled,2
dreadful,2
tract,2
aural,2
conference,2
flooded,2
contoured,2
tones,2
calculated,2
moulded,2
blown,2
droned,2
warned,2
paranoia,2
related,2
highest,2
bastard,2
utter,2
plugged,2
cauterized,2
electronically,2
pretend,2
aghast,2
unknown,2
initials,2
spewed,2
vicious,2
hopeless,2
explosion,2
crawl,2
imperceptibly,2
symbols,2
measurement,2
shades,2
bats,2
delicate,2
stole,2
somewhat,2
current,2
keeps,2
effort,2
danced,2
areas,2
ideas,2
thundered,2
pounds,2
children,2
heavier,2
check,2
event,2
cause,2
warning,2
bowels,2
sigh,2
wailed,2
asleep,2
practically,2
encyclopaedia,2
illuminated,2
din,2
dim,2
sixtyseven,2
wildest,2
pot,2
storm,2
gravely,2
assured,2
safety,2
economic,2
stone,2
whos,2
systems,2
inert,2
unlikely,2
famine,2
contempt,2
drifting,2
thoughtfully,2
deeply,2
forwards,2
weeks,2
poghril,2
veet,2
heap,2
mysterious,2
fried,2
pursuit,2
lilted,2
theories,2
weaving,2
team,2
inch,2
fate,2
custard,2
bulges,2
megadonkey,2
dullish,2
virtual,2
reasoning,2
tail,2
student,2
shocked,2
flip,2
command,2
perpetual,2
respectable,2
sternly,2
leap,2
molecules,2
knees,2
ice,2
beautifully,2
certainly,2
stalked,2
stung,2
necessary,2
ow,2
dump,2
exit,2
concern,2
restaurant,2
smallish,2
greater,2
familiar,2
palm,2
backup,2
playing,2
mob,2
counting,2
lynched,2
golden,2
whoever,2
count,2
distaste,2
sought,2
create,2
generator,2
suspended,2
briefly,2
sunset,2
marched,2
blow,2
significance,2
passageway,2
huff,2
squawked,2
rapidly,2
colleague,2
wing,2
cocked,2
qualities,2
pleasantly,2
deployed,2
staircase,2
seventyfive,2
penguin,2
tiles,2
operate,2
debris,2
seventysix,2
higher,2
governments,2
changed,2
names,2
evidence,2
calm,2
position,2
ridge,2
monkeys,2
lonely,2
voices,2
denied,2
lighting,2
doubtfully,2
whales,2
passages,2
police,2
pool,2
conservatory,2
cruising,2
gloom,2
jerks,2
travels,2
fascinating,2
blubbery,2
coms,2
coughed,2
follow,2
following,2
visit,2
learnt,2
slit,2
menace,2
sorts,2
hummed,2
learn,2
relief,2
insubstantial,2
exterior,2
unexpectedly,2
pandimensional,2
heartless,2
underneath,2
deferentially,2
sixties,2
cat,2
loathing,2
tense,2
culture,2
doors,2
cheerful,2
attitude,2
positive,2
stammered,2
regarded,2
violence,2
despair,2
clamped,2
lovely,2
fashionable,2
assure,2
components,2
edges,2
hmmmm,2
kindly,2
stretched,2
quality,2
revolution,2
limp,2
stride,2
milliard,2
gargantubrain,2
millisecond,2
taste,2
vacuum,2
fiveweek,2
examination,2
blizzard,2
slide,2
blast,2
hyperlobic,2
omnicognate,2
line,2
spasm,2
neutron,2
gunk,2
wrangler,2
cases,2
distinct,2
reedy,2
ultramahagony,2
prototype,2
reaching,2
executive,2
stretch,2
angles,2
compassionate,2
vogonity,2
metaphor,2
discreetly,2
treelined,2
stately,2
surrealism,2
rescue,2
floundered,2
families,2
invited,2
separate,2
concept,2
rushed,2
finest,2
invisible,2
achieved,2
asphyxication,2
lever,2
vision,2
seated,2
betelgeusian,2
instrument,2
lungful,2
squirming,2
arc,2
rocketed,2
precisely,2
measuring,2
behavioural,2
experiments,2
manual,2
absolute,2
action,2
colossal,2
fall,2
everybody,2
perfunctory,2
programmed,2
trade,2
idiots,2
wistful,2
coastlines,2
invite,2
editors,2
cumulative,2
interested,2
introduction,2
listened,2
revive,2
parakeet,2
toy,2
linked,2
antarean,2
post,2
revived,2
roar,2
evasive,2
smoothly,2
peered,2
nuclear,2
ultra,2
aunt,2
generation,2
gpp,2
feature,2
tedium,2
warn,2
girls,2
genuine,2
jabbed,2
enthusiastic,2
personalities,2
abject,2
lousy,2
converging,2
resumed,2
distinctly,2
emerged,2
career,2
warheads,2
exile,2
occasionally,2
operated,2
larger,2
draw,2
insane,2
officers,2
kill,2
sensational,2
slipping,2
judge,2
focus,2
rumblings,2
asphyxicated,2
gliding,2
patting,2
passes,2
excitedly,2
stamping,2
mounted,2
underlying,2
wicked,2
unidentifiable,2
inconveniently,2
respects,2
upholstered,2
secondly,2
wrap,2
unruly,2
desert,2
ramp,2
behalf,2
sail,2
involuntarily,2
rise,2
village,2
broad,2
glorious,2
bobbed,2
stayed,2
rock,2
knee,2
require,2
surged,2
throwing,2
meson,2
sub,2
hypnotized,2
books,2
printed,2
bin,2
transport,2
snug,2
insanely,2
camera,2
trid,2
onto,2
string,2
shaving,2
blunder,2
rough,2
lab,2
coats,2
temporarily,2
free,2
led,2
occasion,2
etc,2
spray,2
nicely,2
fundamental,2
gnat,2
map,2
wheel,2
impossibility,2
conspicuously,2
wielded,2
wield,2
tin,2
features,2
automatically,2
turns,2
irritable,2
brick,2
bush,2
carved,2
gaze,2
avoid,2
tipped,2
concave,2
resplendent,2
dozen,2
bothering,2
true,2
truly,2
theyll,2
expectantly,2
publishing,2
experimenting,2
calculator,2
soared,2
sleek,2
progress,2
ursa,2
minor,2
written,2
react,2
bomb,2
urgently,2
fivepound,2
slapped,2
hopeful,2
frozen,2
piggy,2
vitally,2
civil,2
puzzled,2
wanly,2
escape,2
nothings,2
sluggish,2
arsenal,2
conclusion,2
quote,2
preparing,2
presence,2
invariably,2
largish,2
halt,2
applause,2
dials,2
spider,2
sidled,2
ended,2
knowledge,2
skull,2
smooth,2
frond,2
crested,2
invented,2
newly,2
notion,2
controversial,2
needing,2
gently,2
scripts,2
replied,2
occasions,2
offered,2
visiting,2
wore,2
nestled,2
jodrell,2
dress,2
researcher,2
oolon,2
warmly,2
adjusted,2
color,2
evolution,2
khan,2
coasted,2
drawn,2
clouds,2
impossibly,2
fiver,2
charged,2
affairs,2
islands,2
intervening,2
tripped,2
generations,2
raced,2
racial,2
mankind,2
direct,2
void,2
rubble,2
fat,2
carbonbased,2
irrational,2
lane,2
faster,2
cabinet,2
delta,2
machines,2
monoxide,2
unheard,2
lavatory,2
carbon,2
ozone,2
ridiculous,2
heavens,2
annoyed,2
tore,2
regions,2
keen,2
directly,2
climbing,2
sounding,2
treated,2
dash,2
devices,2
bypasses,2
spacious,2
bricks,2
shifted,2
uncomfortable,2
motionless,2
outlying,2
express,2
hooted,2
squeezed,2
blaze,2
indefinitely,2
win,2
winking,2
hats,2
fuss,2
rubber,2
pronounced,2
entitled,2
slewed,2
cars,2
howling,2
slammed,2
whiff,2
peoples,2
hence,2
suspicion,2
sweep,2
shaped,2
previously,2
guildford,2
dried,2
sang,2
boy,2
cast,2
kitchen,2
horsemen,2
stormed,2
broken,2
stage,2
checked,2
inner,2
pint,2
consisted,2
cliffs,2
struggling,2
reception,2
fan,2
engineers,2
sex,2
researchers,2
plausible,2
frood,2
hoopy,2
sass,2
careless,2
hiking,2
superintelligent,2
plug,2
exciting,2
furiously,2
suspected,2
deserted,2
project,2
zipped,2
skipped,2
hushed,2
stuffing,2
easter,2
france,2
coincidences,2
culmination,2
decision,2
clinching,2
prossers,2
bananas,2
consumed,2
yawn,2
born,2
blazing,2
manic,2
birth,2
exact,2
sublimal,2
banked,2
bedroom,2
pence,2
twentyeight,2
connect,2
beeblebroxs,2
packets,2
factual,2
phone,2
driver,2
laughing,2
marsh,2
severely,2
crabs,2
hitched,2
pay,2
thumbs,2
monster,2
fellas,2
powerful,2
scuttling,2
packet,2
neat,2
muttering,2
fires,2
growled,2
grasped,2
smashing,2
scintillating,2
return,2
acquire,2
social,2
barnards,2
groan,2
contestants,2
earlier,2
t,2
heaved,2
natural,2
pop,2
h,2
hardest,2
qualactin,2
lungs,2
movements,2
behaviour,2
meat,2
abandoned,2
heady,2
lose,2
observation,2
losing,2
kidneys,2
dingos,2
twelve,2
pair,2
fry,2
backs,2
song,2
exercising,2
army,2
bureaucratic,2
fallen,2
somebodys,2
millennia,2
shoulders,2
galley,2
won,2
roughly,2
loser,2
suntiger,2
smashed,2
mallets,2
habit,2
wondered,2
enjoying,2
year,2
elegant,2
staff,2
santraginus,2
mixture,2
bitter,2
needs,2
approaching,2
immediately,2
shout,2
nailed,2
refused,2
reasonable,2
survived,2
report,2
santraginean,2
buried,2
rectify,2
tribe,2
vile,2
senses,2
orion,2
horses,2
hazard,2
proving,2
resigned,2
native,2
y,2
mining,2
suited,2
arguments,2
delivered,2
increasingly,2
flared,2
belts,2
ad,2
smuggling,1
protruding,1
awakes,1
trudging,1
assert,1
slumber,1
sour,1
lamely,1
slip,1
shed,1
fivemillionyear,1
dentarthurdent,1
polystyrene,1
rush,1
stuttered,1
motioning,1
fitfully,1
expanded,1
showering,1
felling,1
decisive,1
strangeness,1
unsettled,1
careworn,1
impending,1
alert,1
distinguished,1
antares,1
danger,1
elderly,1
gland,1
communications,1
homing,1
elbow,1
condition,1
tallish,1
amusing,1
punch,1
unkind,1
sole,1
client,1
skimped,1
spears,1
hovercraft,1
hefty,1
ruin,1
afoot,1
repeated,1
glands,1
access,1
fortyfive,1
attractive,1
yelp,1
muck,1
conversely,1
jamming,1
laboriously,1
rolledup,1
lame,1
slope,1
leaves,1
oncoming,1
reassuring,1
polite,1
ages,1
expecting,1
tick,1
gracious,1
incredulously,1
society,1
blend,1
chuckled,1
unconcerned,1
commodity,1
solemnly,1
cushions,1
savage,1
relieve,1
actor,1
reassure,1
success,1
adultery,1
desperation,1
womans,1
inertial,1
husband,1
remarks,1
monotony,1
wanders,1
ballooned,1
changes,1
trousers,1
idle,1
released,1
closest,1
push,1
guardian,1
retro,1
rebuilt,1
expensive,1
services,1
cellophane,1
regular,1
disconcerting,1
ways,1
reader,1
harm,1
balls,1
behave,1
packaging,1
metallic,1
damage,1
thrust,1
jets,1
thread,1
footballs,1
endless,1
potty,1
combined,1
rocked,1
immediate,1
chirped,1
starboard,1
hairy,1
stifled,1
luck,1
stock,1
prices,1
suffer,1
apedescendant,1
served,1
nudged,1
shadowy,1
unimaginable,1
speck,1
mindboggling,1
factory,1
neither,1
announcements,1
suspensions,1
traceries,1
spherical,1
thirteen,1
starting,1
support,1
awakened,1
speculate,1
commission,1
structures,1
betrayed,1
activity,1
hoped,1
begun,1
stark,1
seduced,1
protests,1
contemporary,1
attained,1
suggestions,1
select,1
pinprick,1
shimmering,1
defied,1
defeated,1
planed,1
paralysingly,1
sides,1
vertigo,1
supplements,1
magazines,1
laser,1
detect,1
dizzily,1
arced,1
blobby,1
tidbits,1
roses,1
platypuses,1
commissioned,1
derisive,1
completion,1
hotly,1
esteemed,1
fixation,1
flushed,1
commercial,1
cats,1
wife,1
protrusion,1
marshal,1
cottage,1
convenient,1
squeaking,1
sympathetic,1
frown,1
duckbilled,1
dogs,1
furniture,1
abdicated,1
stunned,1
images,1
incompetent,1
settle,1
represented,1
sensibly,1
countenance,1
rid,1
settling,1
cockup,1
responsibility,1
blueprints,1
contacted,1
appallingly,1
regrets,1
grins,1
representative,1
mattered,1
uninteresting,1
willies,1
scares,1
disused,1
leopard,1
beware,1
thundering,1
rockets,1
reference,1
substantially,1
magnification,1
darts,1
discern,1
comfortable,1
aircraft,1
rear,1
apply,1
dipped,1
downwards,1
collision,1
custom,1
unbelievable,1
gauge,1
preparatory,1
geography,1
sprangled,1
dolphin,1
spelling,1
surprisingly,1
applying,1
doublebackwards,1
somersault,1
hoop,1
suddenness,1
banner,1
engage,1
propped,1
laboratories,1
wheels,1
conducting,1
frighteningly,1
overhead,1
swiftly,1
companion,1
detail,1
filing,1
courtesy,1
solemn,1
farther,1
tricks,1
wrongly,1
enthusiasm,1
gratifying,1
shoes,1
violet,1
landing,1
clearer,1
steps,1
demolish,1
descent,1
literally,1
workman,1
sneaky,1
companions,1
disturb,1
sharper,1
terminus,1
continues,1
warren,1
unabated,1
stairs,1
surround,1
beckoned,1
dwindling,1
cellar,1
awkwardly,1
stationary,1
month,1
oozed,1
sensed,1
subsidence,1
gradually,1
guided,1
available,1
gentle,1
threading,1
crisscross,1
glimmers,1
boiling,1
rapid,1
lip,1
carcass,1
roving,1
involuntary,1
trillians,1
bury,1
murmured,1
severe,1
hesitated,1
lifts,1
force,1
flag,1
trod,1
ironical,1
wroughtiron,1
shudders,1
incline,1
dolefully,1
caved,1
revealing,1
marble,1
craters,1
interpret,1
whalemeat,1
clasped,1
rattled,1
desolate,1
litter,1
mounting,1
squelching,1
castaway,1
routine,1
stooped,1
correct,1
clot,1
sworn,1
environs,1
adaptors,1
join,1
thinnish,1
materialized,1
sloping,1
spattered,1
network,1
intricately,1
galleries,1
stranded,1
exquisitely,1
overlooking,1
striding,1
immortalized,1
purposefully,1
semiparalytic,1
decay,1
thereafter,1
strode,1
dirt,1
honestly,1
littered,1
tile,1
reminded,1
unavoidably,1
intervals,1
mosaics,1
angular,1
colours,1
balefully,1
stamp,1
manicured,1
overpopulated,1
obstructed,1
entrails,1
clearing,1
wafted,1
recesses,1
livery,1
traditional,1
polluted,1
peering,1
graveyard,1
distractedly,1
population,1
nil,1
plus,1
placed,1
stamped,1
marbletopped,1
periphery,1
stale,1
demands,1
lawyer,1
matriarchal,1
tenable,1
forgotten,1
presented,1
panoramic,1
paranoid,1
android,1
proofing,1
activating,1
squatted,1
coffin,1
escaped,1
rabbit,1
nuts,1
commanded,1
indian,1
fixedly,1
independent,1
observers,1
boys,1
posture,1
identity,1
speculated,1
thrash,1
ports,1
stomach,1
ooooh,1
tingling,1
roaring,1
weaken,1
stiff,1
saloon,1
feels,1
thud,1
yawning,1
achieve,1
coherent,1
dizzy,1
anticipation,1
hspacecm,1
madranite,1
ound,1
concentrating,1
twang,1
layer,1
puzzlement,1
competing,1
zap,1
reprogram,1
potted,1
axe,1
lounging,1
wickerwork,1
aggressive,1
icy,1
ripped,1
tears,1
sensationally,1
response,1
march,1
readouts,1
ploy,1
driedout,1
vegetation,1
tackle,1
cajoleries,1
threats,1
plant,1
monsters,1
sarcasm,1
astounding,1
especially,1
scooted,1
eddies,1
warm,1
wrestling,1
naughty,1
rule,1
independence,1
squinting,1
chilled,1
diurnal,1
advantage,1
bulkhead,1
financial,1
regulations,1
demonstrate,1
studied,1
phrases,1
nightfall,1
quaint,1
reptiloids,1
fishoids,1
walking,1
treeoids,1
unattended,1
wormholes,1
uniquely,1
biroid,1
gingerish,1
arrangement,1
responding,1
birooriented,1
stimuli,1
spokesman,1
wiry,1
limousine,1
family,1
cheap,1
retractables,1
cosmos,1
loss,1
glancing,1
blink,1
corrected,1
maximegalon,1
academic,1
studying,1
philology,1
crooned,1
biological,1
upside,1
flattening,1
transformational,1
ethics,1
harmonic,1
historical,1
perception,1
plaintively,1
obsessed,1
period,1
painstaking,1
visited,1
whereupon,1
wrote,1
usual,1
nasally,1
headway,1
unharmed,1
rubbish,1
emphasized,1
persevered,1
awful,1
hasnt,1
impress,1
inconspicuous,1
staying,1
blame,1
counted,1
ninetyseven,1
delicacy,1
sheep,1
cocktail,1
revolting,1
circulation,1
moon,1
obediently,1
nights,1
magnificently,1
whined,1
handsome,1
reserved,1
determined,1
fool,1
expedition,1
spatial,1
asteroid,1
solitary,1
constituted,1
dive,1
repeatedly,1
remain,1
striking,1
yearly,1
brantisvogan,1
profitable,1
secondhand,1
sing,1
paths,1
erratically,1
experiences,1
ver,1
whenever,1
tip,1
desire,1
opponent,1
refilled,1
worrying,1
pastel,1
using,1
drinks,1
lunge,1
redesigned,1
fetchingly,1
joke,1
normally,1
depress,1
encephelographic,1
guiltily,1
test,1
midmangling,1
ferns,1
cheques,1
flowers,1
guesses,1
slurred,1
sinful,1
chambers,1
cunningly,1
derelict,1
atlas,1
archives,1
detective,1
huddle,1
sundial,1
ruled,1
concentrate,1
freewheel,1
housed,1
pedestal,1
galacticredit,1
card,1
evenings,1
nomination,1
ratified,1
relates,1
ne,1
seized,1
astrophysicist,1
gatecrash,1
habits,1
traumatised,1
screeching,1
cerebellum,1
oddish,1
boozer,1
songs,1
eccentric,1
unnerving,1
zb,1
shutter,1
obscenely,1
moodily,1
broadly,1
unevenly,1
supposedly,1
pilot,1
forfeit,1
superstitious,1
telepsychic,1
imaginative,1
irresponsible,1
untrustworthy,1
bless,1
extrovert,1
anomalies,1
contouring,1
inventing,1
superimposing,1
filter,1
predetermined,1
quantity,1
programming,1
proper,1
moods,1
distracted,1
packed,1
superimposed,1
release,1
haughtily,1
misunderstanding,1
penultimate,1
offices,1
murine,1
offer,1
enormously,1
contract,1
chat,1
lecture,1
circuit,1
woods,1
inclined,1
promptingly,1
ideally,1
studio,1
mentioning,1
shows,1
followup,1
bristled,1
idealism,1
dignity,1
pure,1
multidimensional,1
maniacs,1
spending,1
manipulated,1
jeebies,1
heeby,1
contours,1
grated,1
aback,1
swivelled,1
zero,1
omnibus,1
celestial,1
dismantle,1
acidly,1
elegantly,1
sculptured,1
soaring,1
whinnetridden,1
pinnacles,1
majestic,1
sacrilege,1
goodbye,1
nod,1
clinked,1
proposing,1
toast,1
brutally,1
sick,1
exercise,1
configuration,1
likewise,1
lucidly,1
earsplitting,1
blared,1
klaxons,1
hostile,1
intruders,1
forever,1
sniffed,1
shattered,1
damnation,1
earthling,1
coat,1
bristling,1
static,1
stroking,1
invent,1
rickmansworth,1
multiply,1
literal,1
sustain,1
punters,1
cafe,1
aha,1
tying,1
fortunate,1
thugs,1
yank,1
lads,1
steering,1
vehicle,1
encoded,1
protested,1
diced,1
tipping,1
nevertheless,1
reasonably,1
suffice,1
whod,1
charm,1
swooping,1
vanishing,1
fro,1
piping,1
whining,1
shriek,1
stumbled,1
blind,1
drag,1
airborne,1
rodents,1
tiniest,1
gravity,1
fox,1
sickly,1
wormhole,1
continuum,1
warlike,1
supplanted,1
brink,1
frightful,1
rim,1
leaders,1
eastern,1
civilizations,1
mistakes,1
commander,1
vlhurgs,1
shorts,1
ggugvuntt,1
blockbusters,1
sweetsmelling,1
steam,1
horribly,1
beweaponed,1
cruisers,1
unleash,1
challenged,1
freak,1
appreciated,1
standard,1
replacement,1
sinister,1
cares,1
absurdly,1
inaccurate,1
block,1
model,1
apocryphal,1
fleeting,1
omissions,1
wisdom,1
fashioned,1
costs,1
baroque,1
continent,1
repository,1
falls,1
hailed,1
gather,1
sweaty,1
dishevelled,1
clothes,1
joking,1
stirred,1
broiling,1
whiskyglass,1
vapour,1
dishes,1
sweetmeats,1
bizarre,1
fruits,1
attacking,1
boneful,1
grilled,1
guests,1
gassing,1
zapping,1
hoiking,1
smelling,1
vegan,1
rhinos,1
cutlet,1
delicious,1
trilogy,1
ugh,1
pointedly,1
realization,1
introduce,1
colluphids,1
stroked,1
decked,1
subdued,1
glasstopped,1
joint,1
vlhurg,1
insult,1
imaginable,1
wage,1
war,1
philosophical,1
decimated,1
remaining,1
differences,1
launch,1
positively,1
trip,1
identified,1
offending,1
wastes,1
due,1
miscalculation,1
swallowed,1
complex,1
interplay,1
powerless,1
prevent,1
thatll,1
em,1
explains,1
term,1
jacked,1
resolutely,1
facing,1
dejectedly,1
indicating,1
bored,1
suicide,1
putting,1
lounged,1
discussing,1
matters,1
arising,1
bed,1
reasoned,1
uncharted,1
sophistication,1
phase,1
characterized,1
intercom,1
buzzed,1
hungry,1
peckish,1
bite,1
metalman,1
drone,1
muffled,1
stencilled,1
starkly,1
bleached,1
bone,1
precipitately,1
unfashionable,1
backwaters,1
bulbous,1
sharklike,1
slate,1
smothered,1
varying,1
examine,1
unfriendliness,1
informed,1
assigned,1
unnaturally,1
twoman,1
smokefilled,1
define,1
spontaneously,1
suffering,1
acute,1
title,1
anachronism,1
fixed,1
hereditary,1
secretly,1
decisionmaking,1
pronuncible,1
obscure,1
dialect,1
extinct,1
brock,1
jonny,1
p,1
galsidyear,1
communities,1
episode,1
shrouded,1
galaxythe,1
magnanimously,1
fathered,1
uncled,1
christened,1
shame,1
disease,1
school,1
nicknamed,1
ix,1
fraud,1
presidents,1
criteria,1
vested,1
arlingtonians,1
dying,1
coma,1
statis,1
unchangingness,1
heirs,1
drastic,1
upheaval,1
rung,1
ladder,1
advisers,1
character,1
gorst,1
governmental,1
clare,1
vests,1
figurehead,1
wields,1
leadership,1
judged,1
outrage,1
infuriating,1
deposited,1
ulcers,1
performed,1
ninetytwo,1
insignificant,1
bragging,1
seedy,1
spacerangers,1
bars,1
agonize,1
girlfriend,1
novels,1
chimed,1
meeeean,1
halfway,1
sockets,1
preferred,1
prefer,1
fusillade,1
intensity,1
quietness,1
echoes,1
humane,1
beat,1
opposed,1
needless,1
liberal,1
socially,1
caring,1
hairlines,1
armoured,1
scampering,1
dance,1
mile,1
pounded,1
openplan,1
opinion,1
adjacent,1
concerned,1
crouch,1
solutions,1
gap,1
morons,1
swerved,1
cornered,1
bolts,1
ducked,1
laying,1
easier,1
dealing,1
dumb,1
twobit,1
triggerpumping,1
sensitivity,1
heat,1
equation,1
disintegrate,1
shared,1
lies,1
accounting,1
recognized,1
belonging,1
pinned,1
sparse,1
arrow,1
speeds,1
excess,1
lead,1
drear,1
twilight,1
congealed,1
consistent,1
wellbeing,1
infinitely,1
variable,1
factors,1
vary,1
awareness,1
western,1
tranquility,1
prone,1
malfunction,1
feedback,1
burning,1
melted,1
rivulets,1
molten,1
winding,1
huddled,1
punctuated,1
strangled,1
trap,1
wit,1
billowing,1
cautiously,1
failsafe,1
spacesuited,1
crumpled,1
dangled,1
orbiting,1
unregarded,1
methanebreathing,1
dependent,1
oxygen,1
backpack,1
miniature,1
unaccountable,1
bureaucracy,1
pavlov,1
prerogative,1
junior,1
programmer,1
earned,1
hangover,1
swig,1
banging,1
scarcely,1
pipeline,1
absence,1
devil,1
outraged,1
representatives,1
amalgamated,1
sages,1
luminaries,1
persons,1
glazed,1
recollection,1
eternal,1
verities,1
legal,1
law,1
quest,1
secretary,1
elbowing,1
wardrobe,1
forty,1
needlessly,1
messianic,1
teeming,1
circuitry,1
genghis,1
streams,1
descendant,1
maleline,1
shabby,1
function,1
specifically,1
admission,1
advancing,1
breathless,1
commotion,1
coarse,1
fadedblue,1
robes,1
cruxwan,1
thrusting,1
ineffectual,1
flunkies,1
inalienable,1
finds,1
simpletons,1
bleeding,1
remembered,1
heels,1
salutary,1
salient,1
glint,1
events,1
records,1
stroll,1
burying,1
dinosaur,1
skeletons,1
crust,1
tertiary,1
quarternary,1
periods,1
cenozoic,1
era,1
mindnumbing,1
slartibartfasts,1
library,1
diode,1
cleaning,1
bodies,1
awed,1
train,1
gravy,1
varnished,1
rigidly,1
uncertainty,1
stentorian,1
visual,1
national,1
increased,1
ancillary,1
bass,1
clearest,1
sedately,1
speakers,1
slagging,1
irrevocably,1
calculating,1
continuing,1
declaimed,1
occurs,1
publicity,1
philosophy,1
capitalize,1
media,1
disagreeing,1
patience,1
cybernetic,1
milk,1
shown,1
super,1
rice,1
pudding,1
income,1
installed,1
specially,1
gripping,1
accept,1
rusts,1
topped,1
ultrared,1
carpeting,1
squelched,1
sumptuous,1
plants,1
tastefully,1
engraved,1
prints,1
principal,1
fiercely,1
liberally,1
onturning,1
soberly,1
stupendous,1
readily,1
hitting,1
maze,1
ring,1
bells,1
mazes,1
examined,1
observations,1
tailed,1
subtlety,1
admire,1
disguise,1
natures,1
eating,1
cricket,1
living,1
dropping,1
myxomatosis,1
millionyear,1
manifestation,1
dissimilar,1
bickering,1
interrupt,1
pastime,1
brockian,1
warrior,1
represent,1
unit,1
conducted,1
dangrabad,1
discernible,1
underscored,1
contemplated,1
vectors,1
molest,1
fiendish,1
disputant,1
genes,1
juggled,1
mixing,1
ciceronicus,1
magic,1
indefatigable,1
rs,1
persuade,1
magnificent,1
multicorticoid,1
perspicutron,1
titan,1
muller,1
pondermatic,1
spare,1
mongoloid,1
characteristics,1
ingenuity,1
active,1
leatherbound,1
notebooks,1
predilection,1
respectful,1
exchanging,1
glance,1
tum,1
subtlest,1
hums,1
indicated,1
stoutness,1
thinker,1
resonant,1
addressed,1
ancestry,1
vestiges,1
unconcealed,1
abacus,1
leaning,1
anxiously,1
analyst,1
googleplex,1
gestured,1
fridge,1
worm,1
dordellis,1
frilly,1
mauve,1
parasol,1
tassles,1
replacing,1
tastes,1
cater,1
proud,1
naked,1
parachutes,1
springtime,1
meadow,1
cows,1
scenes,1
squattish,1
agreement,1
farmland,1
country,1
west,1
bulky,1
markets,1
arcturans,1
supply,1
peaks,1
undulating,1
stones,1
evaporated,1
bugging,1
double,1
dose,1
windpipes,1
balletic,1
scanning,1
haired,1
gleams,1
proportion,1
shiny,1
evaporates,1
precious,1
yelling,1
bitterly,1
shit,1
elses,1
hallmark,1
petulantly,1
yuch,1
purple,1
squarish,1
pebbles,1
pirates,1
equipped,1
wires,1
shields,1
murdering,1
paying,1
proposition,1
stealing,1
launching,1
ceremony,1
roared,1
laughter,1
consciously,1
mucked,1
talker,1
inkling,1
doubts,1
letting,1
secrets,1
spit,1
rat,1
plush,1
glasstop,1
pedestrian,1
scores,1
unbitterly,1
conceive,1
rent,1
indistinctly,1
lurked,1
inextricably,1
brutes,1
eclipse,1
decides,1
raid,1
intertwined,1
scooter,1
stratosphere,1
crazier,1
monkey,1
ride,1
souped,1
elephantine,1
parsecs,1
pistols,1
wilder,1
food,1
booze,1
inscribed,1
teleported,1
maximum,1
security,1
cheaper,1
mmmmmwwwwwerrrrr,1
crashed,1
pottered,1
desks,1
frantically,1
hopefully,1
enlightening,1
cheer,1
washed,1
hurrahs,1
ecstatic,1
cosmically,1
plain,1
erupted,1
speaker,1
touching,1
remarked,1
surprising,1
projection,1
sixtrack,1
seventymillimetre,1
cleaned,1
regularly,1
worn,1
carpet,1
faded,1
sparkling,1
centipedes,1
narrower,1
whistles,1
shining,1
fishing,1
tottering,1
drawing,1
stripped,1
bird,1
midair,1
concrete,1
airy,1
wear,1
stained,1
kettle,1
wolf,1
thronged,1
fluttering,1
carnival,1
rang,1
dominated,1
honoured,1
descendants,1
pundits,1
cheers,1
streamers,1
glory,1
respectfully,1
crumbled,1
materialize,1
fools,1
gladly,1
stupefied,1
flinging,1
wiping,1
tear,1
oclock,1
nonexistent,1
scalp,1
inexorably,1
dramatic,1
zoom,1
regaining,1
accustomed,1
declamatory,1
complexity,1
tenmillionyear,1
unto,1
incisions,1
horrific,1
gashed,1
blotched,1
advertising,1
suffers,1
slippers,1
wash,1
vain,1
shaved,1
assimilate,1
bristles,1
ancestors,1
awesome,1
subtitles,1
experimentally,1
businesslike,1
majestically,1
expectancy,1
confirmed,1
assignment,1
preparation,1
selected,1
witness,1
licked,1
fidgeted,1
scrub,1
observed,1
toothpaste,1
majesty,1
tough,1
unmistakable,1
impose,1
courteous,1
slacked,1
cushion,1
hysterical,1
hazy,1
captors,1
stupidity,1
seeped,1
supported,1
satisfying,1
stomping,1
pushing,1
amazed,1
ionized,1
skidding,1
moiled,1
murky,1
skating,1
headland,1
speedboat,1
hurriedly,1
seemanship,1
dazzled,1
attract,1
bearings,1
finblades,1
unusual,1
crazily,1
skid,1
scything,1
grim,1
deaths,1
echoed,1
careered,1
struggles,1
boats,1
foaming,1
armpits,1
swayed,1
lowered,1
brute,1
gashes,1
maintain,1
hissing,1
sheets,1
smoking,1
remains,1
gurgled,1
tightened,1
slashed,1
machismo,1
presents,1
challenge,1
nonpushingpeopleabout,1
huhhhhgggggggnnnnnnn,1
inflection,1
ceremonial,1
arrrggghhh,1
promoted,1
senior,1
officer,1
colored,1
vacancies,1
nonshouting,1
multi,1
traditionally,1
strength,1
physucturalist,1
octopoid,1
maximegalacticans,1
bye,1
slyphlike,1
atomineers,1
reptiloid,1
uselessly,1
reclosing,1
shoved,1
lugging,1
renewed,1
erm,1
strained,1
uniform,1
slung,1
stun,1
ray,1
holster,1
halfthrottled,1
restructured,1
lifes,1
limits,1
thrilling,1
condescension,1
sad,1
prism,1
bemusement,1
encouraged,1
alternative,1
anymore,1
refracted,1
pondering,1
eerrrrrrmmmmmmmmmmmmmmmmmmmmm,1
verses,1
rocking,1
fingering,1
hundreds,1
platform,1
railed,1
melodramatic,1
leathery,1
batshaped,1
rasping,1
wavered,1
parched,1
moaned,1
picturing,1
approach,1
seethed,1
eyebrow,1
obscured,1
crashing,1
metaphysical,1
jet,1
organizing,1
stilts,1
bareface,1
continue,1
spout,1
riddled,1
earthlings,1
lolled,1
greeting,1
incorporated,1
clenched,1
groop,1
implore,1
merciless,1
foonting,1
turlingdromes,1
salvaged,1
horrible,1
soggily,1
impassioned,1
stridency,1
hooptiously,1
drangle,1
version,1
bindlewurdles,1
rend,1
gobberwarts,1
blurglecruncheon,1
nnnnnnnnnnyyyyyyyuuuuuuurrrrrrrggggggghhhhh,1
enhancement,1
spouted,1
hazarding,1
mused,1
joined,1
glinted,1
tousled,1
appearance,1
homed,1
yanked,1
straps,1
bargained,1
antic,1
bigger,1
antics,1
corps,1
scream,1
detached,1
amusement,1
obsequiously,1
heaven,1
hovered,1
bowing,1
deck,1
captains,1
hoiked,1
protesting,1
chins,1
nylon,1
snagging,1
unshaven,1
humanity,1
contrives,1
medium,1
verse,1
sublimate,1
transcend,1
semicircular,1
dichotomies,1
glistening,1
triumphant,1
crescendo,1
profound,1
vivid,1
insight,1
coup,1
de,1
grce,1
perused,1
embittered,1
transparent,1
twentyfoothigh,1
offhand,1
beethovens,1
fifth,1
gobbets,1
fingerhold,1
consists,1
arranged,1
arched,1
destination,1
flitted,1
mountain,1
goats,1
primal,1
splattering,1
junket,1
froze,1
blossomed,1
shrank,1
ion,1
prime,1
coalesced,1
hid,1
astronomical,1
pit,1
eternity,1
yawned,1
scrabbling,1
halfspent,1
gulping,1
middling,1
spaceport,1
archipelago,1
pansel,1
cholesterol,1
poisoning,1
reverberated,1
fashion,1
chose,1
traumatized,1
group,1
awkwardness,1
sterility,1
cling,1
topological,1
ocean,1
stretches,1
annoyingly,1
maelstroms,1
separated,1
storms,1
unreason,1
jumped,1
splayed,1
materializing,1
plead,1
pipes,1
strings,1
seared,1
doughnuts,1
horrid,1
archaic,1
sessions,1
footling,1
sensible,1
skidded,1
broadcasted,1
starry,1
milliongallon,1
vat,1
wavelength,1
upended,1
located,1
class,1
compartment,1
transmitter,1
haaaauuurrgghhh,1
softening,1
yowling,1
altogether,1
formation,1
licentious,1
inky,1
elderberry,1
kippers,1
unease,1
apathetic,1
bounced,1
hatchways,1
poured,1
beams,1
supplies,1
reinforced,1
railings,1
uncertain,1
energize,1
stays,1
washing,1
equal,1
segments,1
lookout,1
giddily,1
lewd,1
woobly,1
eggs,1
dum,1
recompiled,1
motor,1
hiss,1
deafening,1
rushing,1
nerves,1
studded,1
corks,1
cooed,1
skiboxing,1
compiled,1
editorships,1
erosion,1
contributions,1
countless,1
improve,1
travellers,1
steered,1
vastly,1
hugely,1
chemist,1
settles,1
fabulously,1
shriller,1
sandy,1
tune,1
fooling,1
stir,1
sealed,1
faint,1
committee,1
cylindrical,1
diameter,1
potentially,1
shore,1
sloped,1
panted,1
steep,1
airtight,1
kicked,1
details,1
coastline,1
asphyxicate,1
heightened,1
defining,1
hymn,1
lunged,1
twisting,1
bethselamin,1
tourists,1
thirtynine,1
comforting,1
neighbour,1
proxima,1
intention,1
personal,1
boggling,1
selfpublicist,1
crook,1
timer,1
exhippy,1
gatecrasher,1
adventurer,1
net,1
commemorated,1
twentynine,1
chatted,1
marvelling,1
introduced,1
unveiling,1
balloons,1
foothigh,1
analysts,1
galacticspeke,1
stellar,1
sols,1
fait,1
accompli,1
imbalance,1
birthday,1
excrete,1
surgically,1
removed,1
bodyweight,1
receipt,1
confronted,1
enormity,1
hundredth,1
responsible,1
guides,1
faltered,1
consider,1
peanut,1
walnut,1
johannesburg,1
dizzying,1
concepts,1
fodder,1
ideal,1
nest,1
thumped,1
papier,1
backbone,1
lightning,1
twentyseven,1
clapped,1
import,1
sickening,1
slithering,1
forebears,1
modern,1
grace,1
experiencing,1
silhouetted,1
straightforward,1
immensely,1
candlestick,1
hub,1
cluster,1
resolve,1
megabrantis,1
optician,1
charge,1
migrated,1
gargles,1
drunken,1
typical,1
wolves,1
fighting,1
currencies,1
understanding,1
strict,1
haul,1
catering,1
employing,1
gourmands,1
flame,1
flickering,1
owner,1
jar,1
wriggling,1
flagship,1
jeltzs,1
alongside,1
intestines,1
offering,1
corn,1
flakes,1
violent,1
identify,1
semblance,1
english,1
childish,1
spun,1
burned,1
accident,1
uncurl,1
unpleasantly,1
translating,1
slenderness,1
breathtaking,1
foetal,1
aspiring,1
leak,1
navel,1
vog,1
leechlike,1
shells,1
ate,1
absorbs,1
unconscious,1
nourish,1
excretes,1
telepathic,1
combining,1
conscious,1
appeal,1
marry,1
forbid,1
daughter,1
slurrp,1
uuuurgh,1
repeats,1
principles,1
whiled,1
taxi,1
snap,1
degenerate,1
freeloaders,1
catch,1
stay,1
dock,1
seventytwo,1
refit,1
dewy,1
silken,1
cancelled,1
love,1
gazelle,1
ends,1
crab,1
leant,1
loathed,1
forth,1
twoweekdead,1
hop,1
swamps,1
zeta,1
handed,1
helpful,1
intelligible,1
anybodys,1
focusing,1
identifying,1
snatched,1
smells,1
blankly,1
musty,1
throng,1
hideous,1
characters,1
flicker,1
enter,1
apprehensively,1
usage,1
keys,1
undulate,1
confused,1
basingstoke,1
sleeping,1
cramped,1
unveiled,1
base,1
henceforth,1
routes,1
unnecessary,1
received,1
meals,1
creak,1
complaining,1
flopped,1
bounded,1
tray,1
populated,1
delighted,1
demolishing,1
grief,1
grubby,1
unwashed,1
roundabouts,1
signalling,1
roundabout,1
regret,1
academy,1
antennae,1
protein,1
stating,1
continually,1
mixers,1
slap,1
annoys,1
impoverished,1
whhhrrrr,1
intended,1
week,1
cushioned,1
teasers,1
military,1
salt,1
transference,1
cruise,1
contact,1
isolated,1
spot,1
incoherently,1
strut,1
groaned,1
crouched,1
repeating,1
obvious,1
loophole,1
employ,1
helped,1
tempered,1
officious,1
cynical,1
obstructively,1
grandmothers,1
signed,1
triplicate,1
queried,1
subjected,1
favour,1
peat,1
recycled,1
firelighters,1
irritate,1
consideration,1
grandmother,1
seize,1
date,1
mouths,1
thirtyfoot,1
nerve,1
supplied,1
wrenching,1
intestine,1
gnawing,1
reported,1
honey,1
poems,1
embark,1
ceased,1
epic,1
arabs,1
bathtime,1
arab,1
arabic,1
therapeutic,1
throttled,1
perished,1
paula,1
nancy,1
millstone,1
jennings,1
greenbridge,1
essex,1
silky,1
flowing,1
nobbling,1
arts,1
midgalactic,1
haemorrhaging,1
although,1
bulged,1
rap,1
dome,1
deliciously,1
officials,1
azagoths,1
kria,1
recitation,1
poet,1
master,1
quotes,1
flatulent,1
wishing,1
ode,1
knot,1
putty,1
armpit,1
midsummer,1
audience,1
internal,1
sequence,1
yell,1
uncovered,1
devising,1
modulators,1
alliterative,1
residulators,1
simile,1
dumpers,1
heighten,1
truck,1
nuance,1
hatched,1
fetid,1
frettled,1
knotted,1
gruntbuggly,1
mch,1
wracked,1
thy,1
micturations,1
plurdled,1
gabbleblotchits,1
lurgid,1
bee,1
aaaaaaarggggghhhhhh,1
deflected,1
intensifiers,1
beamed,1
battery,1
callousness,1
appreciation,1
scarf,1
ridiculously,1
nob,1
illusions,1
regard,1
darkish,1
slim,1
incognito,1
composition,1
bludgeoning,1
insistence,1
cultured,1
gird,1
singled,1
bloodymindedness,1
sweat,1
brow,1
electrodes,1
attached,1
boots,1
metres,1
upshot,1
horrified,1
theme,1
wraps,1
vogsol,1
removing,1
barriers,1
shores,1
cultures,1
virgin,1
bloddier,1
heaving,1
lain,1
forehead,1
swam,1
primeval,1
nauseated,1
billions,1
feelings,1
schedule,1
swimming,1
sister,1
waterproof,1
politics,1
central,1
colluphid,1
claim,1
theologians,1
overtime,1
decode,1
surgery,1
bizarrely,1
inconveniences,1
purely,1
anatomical,1
grosser,1
nonexistence,1
refuse,1
denies,1
stubbornness,1
giveaway,1
proves,1
slugbrained,1
qed,1
willed,1
puff,1
tribute,1
gets,1
zebra,1
stranger,1
stab,1
marching,1
register,1
relevant,1
showoff,1
widened,1
print,1
annoy,1
named,1
unique,1
triplebreasted,1
whore,1
eroticon,1
conceived,1
rose,1
limited,1
microprocessors,1
brainwretching,1
transmit,1
editor,1
trim,1
improvement,1
admitted,1
box,1
unseen,1
marvellous,1
material,1
gathering,1
travellingthroughspace,1
domed,1
smiles,1
thirds,1
claustrophobia,1
whoop,1
america,1
smaller,1
paralysomatic,1
dollar,1
fingered,1
tremor,1
bogart,1
movie,1
unbearably,1
newsmatics,1
hamburger,1
sobbing,1
jerked,1
gleefully,1
newsmen,1
appreciatively,1
bending,1
melting,1
carrying,1
imprisonment,1
links,1
expected,1
oblivious,1
negative,1
unreal,1
scurrying,1
treadwheels,1
charted,1
reawakened,1
conform,1
promised,1
unnoticed,1
grouping,1
biding,1
astonishing,1
electromagnetic,1
unfathomably,1
basking,1
genius,1
naive,1
incompetence,1
birds,1
contained,1
couch,1
swirling,1
monday,1
glaring,1
foolish,1
wandering,1
ton,1
tricia,1
mcmillian,1
degree,1
maths,1
astrophysics,1
dole,1
woomera,1
rationalize,1
fled,1
blip,1
canaveral,1
cape,1
volition,1
susceptible,1
goonhilly,1
grateful,1
retire,1
cabins,1
tap,1
keyboard,1
compose,1
spirits,1
thumping,1
excerpt,1
doubly,1
arithmetic,1
swift,1
starships,1
plied,1
seeking,1
case,1
reward,1
stakes,1
vitriolic,1
dared,1
terrors,1
deeds,1
boldly,1
infinitives,1
forged,1
ashamed,1
merchants,1
foregone,1
niggly,1
shading,1
readers,1
sliced,1
digest,1
slablike,1
ionosphere,1
thursdays,1
sinking,1
musing,1
clue,1
gang,1
wan,1
sociable,1
pinpoints,1
factually,1
pairs,1
blank,1
childishly,1
rotate,1
pull,1
eighty,1
soso,1
brightness,1
glowed,1
plate,1
boring,1
doll,1
barges,1
prey,1
listens,1
complicated,1
summoned,1
suspiciously,1
entrance,1
intellectual,1
capacities,1
shouldnt,1
hunter,1
stalking,1
switches,1
lefthand,1
thorax,1
gears,1
funny,1
matt,1
funerally,1
shrugging,1
rust,1
rod,1
squat,1
preoccupied,1
diodes,1
moaning,1
cameras,1
corporations,1
waste,1
snatching,1
spencer,1
hurt,1
pored,1
marks,1
scanner,1
bath,1
notepad,1
towtothe,1
ofinfinityminusone,1
quizzically,1
whack,1
accounted,1
balance,1
component,1
scribbled,1
gritted,1
forecast,1
based,1
micro,1
thumb,1
nonchalant,1
plying,1
remind,1
lumbered,1
ignorant,1
ilfordbased,1
peking,1
concealed,1
martin,1
smith,1
croydon,1
contents,1
habitually,1
deterred,1
jaw,1
tightlipped,1
guilty,1
breezily,1
gatecrashed,1
trembling,1
anger,1
fancy,1
lady,1
evening,1
devastatingly,1
resent,1
keeping,1
rounded,1
gum,1
flapped,1
loose,1
besides,1
lazy,1
stuffed,1
affectation,1
nonchalance,1
outcooled,1
drawled,1
auditioning,1
goggled,1
introductions,1
casually,1
pretended,1
beeb,1
fourth,1
engine,1
bonnet,1
plays,1
err,1
dogeared,1
fault,1
satisfactory,1
climate,1
mentions,1
mixed,1
lemon,1
frumpy,1
bullshit,1
exceedingly,1
treasures,1
slice,1
killing,1
testily,1
exacerbated,1
intoxicating,1
fars,1
advance,1
notes,1
missile,1
sugars,1
fermentation,1
launched,1
volatile,1
colourless,1
breakage,1
micecage,1
faintest,1
fame,1
voluntary,1
airily,1
bleak,1
forbidding,1
common,1
megagin,1
crypt,1
cubes,1
cities,1
ol,1
lines,1
soften,1
juice,1
anonymity,1
transpire,1
blurred,1
stagnant,1
mix,1
rehabilitate,1
immensity,1
organizations,1
industrial,1
archaeology,1
bruising,1
untimely,1
orbital,1
trembled,1
neural,1
pathways,1
cupful,1
manufactured,1
complaints,1
covers,1
masses,1
tau,1
drank,1
reviving,1
greyness,1
demise,1
rage,1
magratheas,1
ghosts,1
stench,1
thrilled,1
constitute,1
preceded,1
greetings,1
fivemillionyearold,1
broadcast,1
experimental,1
metabolism,1
analysis,1
spectroscopic,1
unidentified,1
preserved,1
revelation,1
concerning,1
humiliations,1
handing,1
safely,1
strangers,1
shaky,1
reassemble,1
shellshocked,1
indecipherable,1
previous,1
cockups,1
provided,1
functioned,1
detailed,1
eyelids,1
pricks,1
whimpered,1
buds,1
pyrotechnics,1
unfolding,1
pulling,1
bundle,1
zamphuor,1
sprinkle,1
awoke,1
spreading,1
myth,1
fairy,1
dissolve,1
economists,1
personally,1
tooth,1
kicks,1
swinging,1
inquiringly,1
mystic,1
zones,1
feller,1
burbled,1
altitude,1
odours,1
punching,1
tickertape,1
decimal,1
obscurity,1
olive,1
carefully,1
planned,1
helplessly,1
dignified,1
treatment,1
deserve,1
sucked,1
holes,1
earthquakes,1
lovingly,1
exacting,1
standards,1
venture,1
reduced,1
poverty,1
sells,1
sullen,1
pen,1
scratchings,1
scholars,1
laboured,1
smug,1
treaties,1
places,1
daylight,1
missing,1
official,1
twin,1
fallia,1
marshes,1
blazed,1
ghostly,1
ironically,1
fallian,1
spectacle,1
litres,1
irritated,1
ludicrous,1
dawns,1
fantasy,1
benzine,1
nonsense,1
juvenile,1
fairies,1
edged,1
iced,1
atlantis,1
melt,1
manufacture,1
spoon,1
float,1
shafts,1
fierce,1
featureless,1
mass,1
fidgety,1
traversing,1
restore,1
piqued,1
sceptical,1
seasoned,1
tramp,1
shiver,1
spectacular,1
drama,1
redolent,1
stabbed,1
blinding,1
sideways,1
blade,1
extract,1
furnaces,1
searing,1
hypermint,1
spilling,1
towels,1
detergent,1
seeming,1
ordinary,1
threedimensional,1
rom,1
designers,1
purposeful,1
video,1
matic,1
senso,1
bungs,1
flatten,1
convex,1
noiselessly,1
humped,1
deserts,1
hanging,1
loosely,1
hills,1
tidal,1
bearing,1
paced,1
brushing,1
giggling,1
simpler,1
pillar,1
woken,1
corners,1
blasphemy,1
nation,1
godspell,1
awarded,1
institutes,1
prize,1
extreme,1
cleverness,1
dreamcoat,1
rampaging,1
technicolor,1
smartass,1
improbabilityproof,1
joseph,1
seats,1
wrapping,1
gripped,1
coldness,1
raked,1
parallel,1
deciphered,1
clump,1
microphone,1
logically,1
evaporating,1
crawling,1
observer,1
heroic,1
caterpillar,1
squall,1
occupy,1
exceptionally,1
downward,1
surveillance,1
microsecond,1
micromodulation,1
louder,1
timbre,1
offence,1
convey,1
shes,1
tolling,1
bell,1
flattopped,1
triangular,1
pathetically,1
evaporate,1
barbarians,1
wobbled,1
sue,1
penny,1
annoyance,1
drove,1
gaping,1
mindbuggering,1
wise,1
yellowness,1
shrieked,1
hells,1
headlong,1
blisters,1
bravado,1
conceit,1
mechanically,1
inept,1
easily,1
jumping,1
extravagant,1
unprotected,1
hectically,1
whipped,1
quartered,1
encompass,1
unsuccessful,1
dearly,1
twentyfive,1
giant,1
petit,1
lolloped,1
initial,1
fleeing,1
sprouted,1
magnet,1
fillings,1
crowds,1
uncomprehending,1
restoring,1
squeezing,1
scheduled,1
luminous,1
regrettably,1
route,1
powered,1
development,1
rumors,1
officially,1
weep,1
jammed,1
fury,1
avian,1
flee,1
admittedly,1
dustbowl,1
manned,1
frightening,1
underside,1
wound,1
echo,1
complaint,1
waddled,1
pond,1
formal,1
lodge,1
quacked,1
stopping,1
plenty,1
stewardess,1
airliner,1
charts,1
raged,1
acting,1
observing,1
limbs,1
fitting,1
cracks,1
ambient,1
debasement,1
wine,1
producer,1
generators,1
hostesss,1
undergarments,1
midrange,1
tweeter,1
accordance,1
indeterminacy,1
woofer,1
recorder,1
inkstained,1
cassette,1
failure,1
encountered,1
construct,1
television,1
generate,1
needed,1
fi,1
mindparalysing,1
grumpily,1
brownian,1
rusty,1
activated,1
plotter,1
levels,1
distortion,1
quadrophonic,1
script,1
hamlet,1
method,1
concert,1
tedious,1
mucking,1
developed,1
governable,1
propulsion,1
reproduction,1
discovery,1
generating,1
amounts,1
hooking,1
acoustically,1
bambleweeny,1
atomic,1
vector,1
lilt,1
raucous,1
brash,1
possession,1
compass,1
flask,1
biscuits,1
muscular,1
expenditure,1
soap,1
flannel,1
background,1
toothbrush,1
rhythms,1
broadcasting,1
psychological,1
clock,1
everywhere,1
rocks,1
tonight,1
theft,1
discovers,1
exconfidence,1
trickster,1
nonhitch,1
voted,1
touchsensitive,1
technology,1
pressing,1
wavebands,1
slum,1
expressions,1
amazement,1
piled,1
jumbled,1
breadth,1
mid,1
items,1
lend,1
furthermore,1
entangle,1
dartoid,1
muscles,1
dragging,1
regardless,1
breathing,1
selfsatisfied,1
mentioned,1
clatter,1
gear,1
searched,1
wort,1
importantly,1
odds,1
redly,1
river,1
renowned,1
raft,1
proffered,1
mini,1
argue,1
visiscreen,1
wanting,1
kakrafoon,1
zapped,1
shine,1
private,1
vapours,1
inhaling,1
beaches,1
controlled,1
permeated,1
marblesanded,1
jaglan,1
ribbon,1
moons,1
warmth,1
outrageously,1
distinguish,1
moth,1
difficulties,1
distress,1
gag,1
emergencies,1
daft,1
assumes,1
vell,1
jist,1
zis,1
animal,1
onoff,1
fumes,1
airspace,1
noxious,1
tapping,1
screenful,1
ward,1
bulletin,1
insecure,1
handcombat,1
handto,1
mmmmm,1
struggle,1
disclaimers,1
embarrassingly,1
momentary,1
warp,1
birthplace,1
sixteen,1
embarkation,1
smart,1
brand,1
pathetic,1
age,1
communicates,1
exists,1
breakthrough,1
vandals,1
slapping,1
visigoths,1
envy,1
league,1
hunted,1
crazed,1
technical,1
specs,1
wreckers,1
astrotechnology,1
correspondent,1
robotics,1
reeled,1
respect,1
probed,1
trek,1
heel,1
lugged,1
bag,1
click,1
sozzled,1
raucously,1
mechanical,1
apparatus,1
pockets,1
estimate,1
gaily,1
pal,1
flippest,1
recovered,1
wholl,1
silencing,1
footnote,1
awe,1
applications,1
ahead,1
majority,1
reckoned,1
cos,1
amused,1
analysing,1
molecular,1
cells,1
emissions,1
surrounding,1
cubic,1
parsec,1
boredom,1
ordered,1
wink,1
wander,1
nestling,1
intolerable,1
smugness,1
generates,1
ingratiating,1
whine,1
clicks,1
whirrs,1
desolately,1
slang,1
clicked,1
rumbling,1
directing,1
tinkered,1
trailing,1
invitingly,1
engrossed,1
damn,1
makes,1
accompanied,1
clanking,1
spell,1
drowning,1
stepping,1
irony,1
modulator,1
hiccupping,1
jukebox,1
murmur,1
sunny,1
disposition,1
sighlike,1
hummmmmmmyummmmmmm,1
filtered,1
crash,1
translates,1
